smiles,atom_index_0,atom_index_1,j_value,type,error
CC1=CC=C(S(=O)(=O)C2=CC=C(CC(C#N)C#N)O2)C=C1,14,28,3.267902374267578,3JHC,0.1320976257324218
CC1=CC=C(S(=O)(=O)C2=CC=C(CC(C#N)C#N)O2)C=C1,14,29,3.267902374267578,3JHC,0.1320976257324218
CC1=CC=C(S(=O)(=O)C2=CC=C(CC(C#N)C#N)O2)C=C1,28,30,6.0138139724731445,3JHH,0.5861860275268551
CC1=CC=C(S(=O)(=O)C2=CC=C(CC(C#N)C#N)O2)C=C1,29,30,6.0138139724731445,3JHH,0.5861860275268551
CCOC(=O)C(=O)CSC1=NC2=CC=CC=C2C(=O)N1,17,30,7.18973970413208,3JHC,0.7102602958679203
CCCCCCCOC1=CC=C(C(N)=NO)C=C1,19,21,6.051370143890381,3JHH,0.4486298561096191
CCCCCCCOC1=CC=C(C(N)=NO)C=C1,19,22,6.051370143890381,3JHH,0.6486298561096193
CC(=O)NC1=C(C#N)C=C(F)C=C1,4,16,0.9751169681549072,2JHC,0.7248830318450927
CC(=O)NC1=C(C#N)C=C(F)C=C1,4,19,0.9751169681549072,2JHC,0.7248830318450927
O=C1CCC(N2C(=O)C3=C(N=CC=C3)C2=O)C(=O)N1,8,25,5.6221699714660645,3JHC,0.6221699714660645
O=C1CCC(N2C(=O)C3=C(N=CC=C3)C2=O)C(=O)N1,9,26,5.6221699714660645,3JHC,0.6221699714660645
OCC1=CC=C(OC(F)(F)F)N=C1,2,14,1.664987564086914,2JHC,0.7350124359130858
CCOC(=O)CC1=CC=C(OCC)C=C1,16,19,6.043116569519043,3JHH,0.7568834304809569
NC1=CC=C(N2C(=O)C3=C(C=CC=C3)C2=O)C=C1,1,21,5.324747562408447,3JHC,0.1752524375915527
NC1=CC=C(N2C(=O)C3=C(C=CC=C3)C2=O)C=C1,1,26,5.324747562408447,3JHC,0.1752524375915527
CCC(C)N1C(=O)C2=CC=CC([N+](=O)[O-])=C2C1=O,18,21,6.054561138153076,3JHH,0.9454388618469238
COC(=O)C1=CC=C2C(=O)NC(CCl)=NC2=C1,8,22,0.8338278532028198,2JHC,0.2661721467971802
O=C(C1=CC=CC=C1)C1=NC=CC2=CC=CC=C12,3,20,5.623223304748535,3JHC,0.2767766952514652
O=C(C1=CC=CC=C1)C1=NC=CC2=CC=CC=C12,5,22,5.623223304748535,3JHC,0.2767766952514652
CC(CN)N1CCCCCC1,11,14,6.055583953857422,3JHH,0.2444160461425779
CCC1CCCC(C)C12CCCC2=O,14,17,6.056078433990479,3JHH,0.9439215660095206
CCC1CCCC(C)C12CCCC2=O,14,18,6.056078433990479,3JHH,0.9439215660095206
CC1=CC=CC(C(=O)C2=CC=CC(C)=C2)=C1,19,20,6.004256725311279,3JHH,0.9957432746887208
CC(=O)NCC(=O)C1=CC=CC=C1,7,17,4.967189788818359,3JHC,0.4671897888183594
NS(=O)(=O)C1=CC=C(S(=O)(=O)Cl)C=C1,4,16,0.7801401615142822,2JHC,0.1801401615142822
C#CCNC(=O)OC(C)(C)C,4,12,1.876559019088745,3JHC,0.6234409809112551
C#CCNC(=O)OC(C)(C)C,4,13,1.876559019088745,3JHC,0.6234409809112551
CCOC(=O)CC1=NC(Cl)=C(C)N(C2=CC=CC=C2)C1=O,19,26,7.191039085388184,3JHC,0.0910390853881839
CCOC(=O)CC1=NC(Cl)=C(C)N(C2=CC=CC=C2)C1=O,19,27,7.191039085388184,3JHC,0.0910390853881839
O=[N+]([O-])C1=CC(CN2CCCC2)=C(F)C=C1,3,27,5.627072334289551,3JHC,0.5729276657104494
CC1=C(NCC2=NN3C(=O)C4=C(CCC4)NC3=N2)C=CC=C1,8,32,7.188107490539551,3JHC,0.611892509460449
CC1=C(NCC2=NN3C(=O)C4=C(CCC4)NC3=N2)C=CC=C1,8,33,7.188107490539551,3JHC,0.0118925094604493
CC1=C(NCC2=NN3C(=O)C4=C(CCC4)NC3=N2)C=CC=C1,25,26,6.039912223815918,3JHH,0.0399122238159179
O=CC=C(Cl)C1=CC2=CC=C(Br)C=C2OC1=O,3,17,1.921133518218994,3JHC,0.2788664817810062
O=CC=C(Cl)C1=CC2=CC=C(Br)C=C2OC1=O,3,19,1.921133518218994,3JHC,0.078866481781006
O=CC=C(Cl)C1=CC2=CC=C(Br)C=C2OC1=O,5,18,5.633755683898926,3JHC,0.7662443161010746
O=CC=C(Cl)C1=CC2=CC=C(Br)C=C2OC1=O,15,19,6.626004695892334,3JHC,0.1739953041076658
CCOC(CI)C1=CC=C(Cl)C=C1,14,16,6.04371976852417,3JHH,0.95628023147583
CCOC(CI)C1=CC=C(Cl)C=C1,14,17,6.04371976852417,3JHH,0.95628023147583
CCC=CCC=CCCCC=CCCO,15,18,6.051501274108887,3JHH,0.2484987258911131
CCC=CCC=CCCCC=CCCO,15,19,6.051501274108887,3JHH,0.0484987258911129
CCC=CCC=CCCCC=CCCO,16,18,6.051501274108887,3JHH,0.2484987258911131
CC(C)(C)C(=O)NCCC1=CC=CC(F)=C1C=O,27,29,6.056081771850586,3JHH,0.8439182281494144
CC1=CC=CC=C1CNC(=O)C1=CC(C)=C([N+](=O)[O-])C=C1C,0,25,5.670714378356934,3JHC,0.2707143783569332
CC1=CC(NCCC2=CC=C(N)C=C2)=CC(C)=C1,22,23,6.022059440612793,3JHH,0.7779405593872069
CC1=CC(NCCC2=CC=C(N)C=C2)=CC(C)=C1,22,24,6.022059440612793,3JHH,0.977940559387207
C=CCOC1=C2NC3=CC=CC=C3C2=CC(C(=O)OC)=C1,8,29,5.483860492706299,3JHC,0.5161395072937012
CCOC(=O)C1=C(N)C2=CC=CN=C2S1,5,20,4.949207782745361,3JHC,0.3492077827453617
CCOC(=O)C1=C(N)C2=CC=CN=C2S1,6,20,0.9359333515167236,2JHC,0.6640666484832765
CCOC(=O)C1=C(N)C2=CC=CN=C2S1,6,21,0.9359333515167236,2JHC,0.6640666484832765
COC1=C(OC)C=C(C2=CC3CCCCN3CC2=O)C=C1,2,41,1.697599172592163,2JHC,0.0024008274078368
COC1=CC(O)=C2C(=O)OC3=CC(O)=C(Cl)C(C)=C3C2=C1,2,24,1.7020893096923828,2JHC,0.0979106903076172
COC1=CC(O)=C2C(=O)OC3=CC(O)=C(Cl)C(C)=C3C2=C1,2,31,1.7020893096923828,2JHC,0.0979106903076172
CC1=CC2=CC=CC=C2N1C1=CC=CC=N1,1,16,1.0647265911102295,2JHC,0.1647265911102294
CC1=CC2=CC=CC=C2N1C1=CC=CC=N1,1,17,1.0647265911102295,2JHC,0.1647265911102294
CC(=O)OC1=CC2=C(C=C1[N+](=O)[O-])OC(C)(C)C2,4,21,1.0357539653778076,2JHC,0.3642460346221923
CC(=O)OC1=CC2=C(C=C1[N+](=O)[O-])OC(C)(C)C2,6,21,1.0357539653778076,2JHC,0.3642460346221923
CCCCCCOC(=O)CCC(=O)CNC(=O)OCCl,0,25,5.700428009033203,3JHC,0.4004280090332033
CCCCCCOC(=O)CCC(=O)CNC(=O)OCCl,0,26,5.700428009033203,3JHC,0.4004280090332033
CCCCCCOC(=O)CCC(=O)CNC(=O)OCCl,20,23,6.052657127380371,3JHH,0.7473428726196287
CCCCCCOC(=O)CCC(=O)CNC(=O)OCCl,20,24,6.052657127380371,3JHH,0.3473428726196292
CCCCCCOC(=O)CCC(=O)CNC(=O)OCCl,21,23,6.052657127380371,3JHH,0.3473428726196292
CCCCCCOC(=O)CCC(=O)CNC(=O)OCCl,21,24,6.052657127380371,3JHH,0.8473428726196293
CC(O)C1CCCC1C#N,10,13,6.054581165313721,3JHH,0.3454188346862796
CCCCCCC(O)CCC1=CC=CC=C1,16,19,6.047477722167969,3JHH,0.7525222778320311
[O-][N+]1=CC=CC(CCOC2=CC=C(Cl)C(Cl)=C2)=C1,2,19,2.78774356842041,2JHC,0.1122564315795897
[O-][N+]1=CC=CC(CCOC2=CC=C(Cl)C(Cl)=C2)=C1,2,28,5.593288898468018,3JHC,0.5067111015319821
[O-][N+]1=CC=CC(CCOC2=CC=C(Cl)C(Cl)=C2)=C1,4,18,5.593288898468018,3JHC,0.4067111015319824
COC(=O)NC1=CC=CC=C1C=NCCCBr,26,29,5.668289661407471,3JHH,0.6317103385925291
COC(=O)NC1=CC=CC=C1C=NCCCBr,27,28,5.668289661407471,3JHH,0.9317103385925288
COC(=O)NC1=CC=CC=C1C=NCCCBr,27,29,5.668289661407471,3JHH,0.6317103385925291
NCCC#CC1=CC(C2=CC=NC=C2)=C(C2=CC=C(F)C=C2)S1,2,23,5.549248218536377,3JHC,0.0507517814636226
NCCC#CC1=CC(C2=CC=NC=C2)=C(C2=CC=C(F)C=C2)S1,23,25,5.873446941375732,3JHH,0.5265530586242679
C=CC(=O)NCC1=CC=C(O)C=C1,7,17,5.49506950378418,3JHC,0.3049304962158201
C=CC1OC(C)(C)OC1CO,2,11,4.434197902679443,3JHC,0.034197902679443
C=CC1OC(C)(C)OC1CO,14,21,4.853416442871094,3JHH,0.7465835571289059
CC(C)(C)[Si](C)(C)OC1=CC=C(C=CC(F)(F)F)C=C1,35,36,6.057053565979004,3JHH,0.8429464340209964
CCOC(=S)OC(C)CCC#N,12,16,6.047616481781006,3JHH,0.952383518218994
CCCC(CCC)C(=O)N1CC2(CCN(C)CC2)SC1C,21,24,6.054713249206543,3JHH,0.0652867507934571
CCCC(CCC)C(=O)N1CC2(CCN(C)CC2)SC1C,22,25,6.054713249206543,3JHH,0.2452867507934568
CON=C(C)C1(NO)C(=O)N(C2=CC=CC=C2)N=C1C,3,26,2.941920518875122,3JHC,0.441920518875122
CON=C(C)C1(NO)C(=O)N(C2=CC=CC=C2)N=C1C,8,26,2.941920518875122,3JHC,0.441920518875122
CC(=O)OCC#CCOC1=CC=C(S(=O)(=O)Cl)C=C1,9,26,1.0552780628204346,2JHC,0.7447219371795655
CC(=O)OCC#CCOC1=CC=C(S(=O)(=O)Cl)C=C1,9,29,1.0552780628204346,2JHC,0.7447219371795655
COC1=CC(NC(=O)C2=CC3=CC=CC=C3C=C2O)=CC(OC)=C1,2,27,1.76293683052063,2JHC,0.0370631694793699
COC1=CC(NC(=O)C2=CC3=CC=CC=C3C=C2O)=CC(OC)=C1,2,40,1.76293683052063,2JHC,0.0370631694793699
COC(=O)C(OCC1=C(F)C=CC=C1)C(C)C,24,25,5.6414055824279785,3JHH,0.0585944175720216
CCOC(=O)C(C)(CCCCBr)C1=CC=CC=C1,18,21,6.047062873840332,3JHH,0.6529371261596681
CCOC(=O)C(C)(CCCCBr)C1=CC=CC=C1,18,22,6.047062873840332,3JHH,0.6529371261596681
CCOC(=O)C(C)(CCCCBr)C1=CC=CC=C1,19,21,6.047062873840332,3JHH,0.6529371261596681
C#CC(=O)NC1C(=O)N2C(C(=O)OC(C)(C)C)=C(C)CSC12,24,39,4.172579288482666,3JHH,0.0274207115173341
OCCC1=NN=C(C2=CSC=C2)N=N1,2,14,5.195676803588867,3JHC,0.0956768035888675
OCCC1=NN=C(C2=CSC=C2)N=N1,3,15,5.220268249511719,3JHC,0.1202682495117191
OCCC1=NN=C(C2=CSC=C2)N=N1,14,15,5.535695552825928,3JHH,0.3643044471740726
OCCC1=NN=C(C2=CSC=C2)N=N1,14,16,5.535695552825928,3JHH,0.3643044471740726
O=C1C=C(N2CCN(C3CCCC3)CC2)C(=O)C2=CC=CC=C12,20,41,5.638974189758301,3JHC,0.161025810241699
CC(C)C1=NN(C)C(C(N)=O)=C1N,13,16,6.053831100463867,3JHH,0.9461688995361328
CC(C)C1=NN(C)C(C(N)=O)=C1N,14,16,6.053831100463867,3JHH,0.8461688995361332
C#CCN1C(=O)C=CC(=O)N1CC#C,6,18,3.0201966762542725,2JHC,0.6201966762542725
C#CCN1C(=O)C=CC(=O)N1CC#C,7,17,3.0201966762542725,2JHC,0.5201966762542725
CC(=CC1=CC=CC=C1)C(=O)NCCN=[N+]=[N-],3,22,4.966130256652832,3JHC,0.466130256652832
CC(=CC1=CC=CC=C1)C(=O)NCCN=[N+]=[N-],3,24,4.966130256652832,3JHC,0.1661302566528322
COC1=C(OC)C2=NC3=C(C=C2C(OC)=C1C(C)C)CCCC3,33,35,5.643139839172363,3JHH,0.9568601608276364
COC1=C(OC)C2=NC3=C(C=C2C(OC)=C1C(C)C)CCCC3,33,36,5.643139839172363,3JHH,0.6568601608276365
CC=C(O[Si](C)(C)C(C)(C)C)C1=CC=CC2=CC=CC=C12,21,24,5.993458271026611,3JHH,0.0065417289733886
CC=C(O[Si](C)(C)C(C)(C)C)C1=CC=CC2=CC=CC=C12,22,24,5.993458271026611,3JHH,0.0065417289733886
O=CC1C(C2=CC(Cl)=CC(Cl)=C2)C1(Cl)Cl,3,15,3.745740652084351,3JHC,0.2542593479156489
CCCCOC(=O)C1=CC=CC=C1,14,17,6.051465034484863,3JHH,0.5485349655151364
CCOC(=O)N1CCN(/C=C2\SC3=NC=NN3C2=O)CC1,17,30,7.191956520080566,3JHC,0.0919565200805667
CC(C)(C)C1=NNC(C2=CC=C3OCOC3=C2)C1,8,28,0.8705697059631348,2JHC,0.6294302940368652
COC(=O)C1=CC(C2=CC=C(F)C=C2F)=CC=C1OC,4,28,5.18399715423584,3JHC,0.1839971542358398
COC(=O)C1=CC(C2=CC=C(F)C=C2F)=CC=C1OC,5,27,5.18399715423584,3JHC,0.1839971542358398
COC1=CC=NC2=C1CCCC2N,16,17,5.568201541900635,3JHH,0.4317984580993652
COC1=CC=NC2=C1CCCC2N,18,20,5.568201541900635,3JHH,0.4317984580993652
COC1=CC=NC2=C1CCCC2N,18,21,5.568201541900635,3JHH,0.4317984580993652
CN(CC(=O)NC1=CC(=O)C=CC1=O)C1=CC=CC=C1,6,28,3.1871910095214844,3JHC,0.7871910095214845
CN(CC(=O)NC1=CC(=O)C=CC1=O)C1=CC=CC=C1,7,25,3.1871910095214844,3JHC,0.3871910095214845
CCOC1=NC(C(C)(C)C)=CC=N1,3,16,4.940673828125,3JHC,0.2593261718750002
CCOC1=NC(C(C)(C)C)=CC=N1,3,17,4.940673828125,3JHC,0.2593261718750002
C1=CC=C2C(=C1)C=C(N1C=CC=C1)C1=CC=CC=C12,0,20,2.0796332359313965,2JHC,0.0203667640686036
C1=CC=C2C(=C1)C=C(N1C=CC=C1)C1=CC=CC=C12,0,22,2.0796332359313965,2JHC,0.0203667640686036
CC(C1=CC=CC=C1)C1=CC=CC=C1N1CC2=CC=CC=C2C1=O,26,27,6.056993007659912,3JHH,0.943006992340088
CC12CC3(C#N)CC1CC(O2)C3=O,0,16,5.694818496704102,3JHC,0.8948184967041017
COC(=O)C1=CC(C2=CC3=C(C=CC=C3)N2C)=CC(C(=O)OC)=N1,4,27,1.6042680740356443,2JHC,0.6042680740356443
COC(=O)C1=CC(C2=CC3=C(C=CC=C3)N2C)=CC(C(=O)OC)=N1,6,27,1.6042680740356443,2JHC,0.8042680740356443
COC(=O)C1=CC(C2=CC3=C(C=CC=C3)N2C)=CC(C(=O)OC)=N1,6,36,1.6042680740356443,2JHC,0.4042680740356443
COC(=O)C1=CC(C2=CC3=C(C=CC=C3)N2C)=CC(C(=O)OC)=N1,7,28,1.6042680740356443,2JHC,0.4042680740356443
COC(=O)C1=CC(C2=CC3=C(C=CC=C3)N2C)=CC(C(=O)OC)=N1,11,30,1.6042680740356443,2JHC,0.8042680740356443
CCCCCCCCCCOC1=CC=C(C(=O)OC)C=C1,22,24,6.047711372375488,3JHH,0.0477113723754882
CCCCCCCCCCOC1=CC=C(C(=O)OC)C=C1,22,25,6.047711372375488,3JHH,0.3522886276245121
CN(C)C=NC1=NC=C(Br)C=C1C#N,3,14,3.139779567718506,3JHC,0.5397795677185058
CN(C)C=NC1=NC=C(Br)C=C1C#N,3,15,3.139779567718506,3JHC,0.5397795677185058
O=C1NC2=C(SC=C2)C(=O)N1O,7,12,5.634605884552002,3JHC,0.3346058845520021
O=C1NC2=C(SC=C2)C(=O)N1O,13,14,4.245053291320801,3JHH,0.9549467086791994
CCOC(=O)C1(C(C)O[Si](C)(C)C(C)(C)C)CC=CC1,20,24,6.046487808227539,3JHH,0.1535121917724611
O=C(NCC1=CC=CC=C1)C1=C2C=CNC2=CC=C1,4,19,5.635190010070801,3JHC,0.4648099899291988
O=C(NCC1=CC=CC=C1)C1=C2C=CNC2=CC=C1,7,22,5.635190010070801,3JHC,0.3648099899291992
CC1(C)OCC(C(C=CCO)OCC2=CC=CC=C2)O1,26,28,6.053191661834717,3JHH,0.8468083381652836
C=C1OC(C2=CC(C)=CC(C)=C2)=NC1(C)C,4,18,2.444573402404785,2JHC,0.755426597595215
C=C1OC(C2=CC(C)=CC(C)=C2)=NC1(C)C,4,26,2.444573402404785,2JHC,0.755426597595215
CCN(CC#N)CCNC1=NC(F)=CC=C1,17,19,6.052206993103027,3JHH,0.152206993103027
CCN(CC#N)CCNC1=NC(F)=CC=C1,17,20,6.052206993103027,3JHH,0.152206993103027
COC1=CC(=O)C2=C(N=CC(NCCC3=CC=CC=C3)=C2)C1=O,29,31,5.558711528778076,3JHH,0.7412884712219237
COC1=CC(=O)C2=C(N=CC(NCCC3=CC=CC=C3)=C2)C1=O,29,32,5.558711528778076,3JHH,0.7412884712219237
C=CCOC(=O)CCN,11,12,4.829684257507324,3JHH,0.9703157424926756
CC(O)C1=CC=C(I)C=C1[N+](=O)[O-],3,16,0.9087748527526855,2JHC,0.8912251472473145
CC(O)C1=CC=C(I)C=C1[N+](=O)[O-],14,16,6.053513050079346,3JHH,0.0464869499206539
CC(O)C1=CC=C(I)C=C1[N+](=O)[O-],15,16,6.053513050079346,3JHH,0.0464869499206539
CC(C)(C)C1=C(CNC(=O)NC2=CC=C(O)C=C2)C=CC=C1,4,22,4.934447765350342,3JHC,0.365552234649658
COC(C1=[N+]([O-])C=C2CCCC2=C1)C(C)(C)C,3,20,1.7107622623443604,2JHC,0.2892377376556396
ON=CC1=C(F)C=CC(C#CC2(O)CCOCC2)=N1,9,22,3.4371697902679443,3JHC,0.2628302097320558
CC(C)C1(C)C(=O)NC2=NC=NC=C21,14,17,6.054752826690674,3JHH,0.8452471733093265
CC(C)C1(C)C(=O)NC2=NC=NC=C21,15,17,6.054752826690674,3JHH,0.8452471733093265
CC(C)C1(C)C(=O)NC2=NC=NC=C21,16,17,6.054752826690674,3JHH,0.8452471733093265
CC(=O)CCC1=C(C2=CC=CC=C2)OC(=O)C2=CC=CC=C12,14,34,7.185893058776856,3JHC,0.8141069412231436
O=C(NCC1=CC=C2OCOC2=C1)C1=CSC(Cl)=N1,4,23,5.636696815490723,3JHC,0.3633031845092773
CC1(C2=CC=C(NC3=CC=CC=C3)C=C2)COC1,2,18,4.942214012145996,3JHC,0.942214012145996
CC1(C2=CC=C(NC3=CC=CC=C3)C=C2)COC1,2,19,4.942214012145996,3JHC,0.942214012145996
CCN(CC)C(=O)C(F)(F)OC1=CC(F)=CC=C1,18,21,6.054392814636231,3JHH,0.9456071853637686
CCN(CC)C(=O)C(F)(F)OC1=CC(F)=CC=C1,18,22,6.054392814636231,3JHH,0.9456071853637686
CCN(CC)C(=O)C(F)(F)OC1=CC(F)=CC=C1,19,21,6.054392814636231,3JHH,0.9456071853637686
CCN(CC)C(=O)C(F)(F)OC1=CC(F)=CC=C1,19,22,6.054392814636231,3JHH,0.9456071853637686
IC1=CC2=CC=CN=C2N1,1,10,1.2448391914367676,2JHC,0.3551608085632325
IC1=CC2=CC=CN=C2N1,1,14,1.2448391914367676,2JHC,0.2551608085632324
IC1=CC2=CC=CN=C2N1,2,11,5.19657564163208,3JHC,0.4965756416320799
IC1=CC2=CC=CN=C2N1,4,12,1.2448391914367676,2JHC,0.3551608085632325
CCOC(=O)C1=C(C)NC(=O)C2=CC=CC=C12,9,26,7.191285133361816,3JHC,0.8087148666381836
C=CCC(O)C(OCC1=CC=C(OC)C=C1)C(O)CO,2,20,4.401133060455322,3JHC,0.1988669395446773
C=CCC(O)C(OCC1=CC=C(OC)C=C1)C(O)CO,8,31,5.496422290802002,3JHC,0.9035777091979984
CC1=CC=CC(C2=C(C)C=C(O)C=C2)=C1,1,16,1.024198293685913,2JHC,0.9758017063140868
COC(=O)C1=C(C2=CC(CC#N)=CC=C2)C=CC(O)=C1,2,20,2.932499408721924,3JHC,0.5324994087219239
COC1=CC2=C(C=C1)C=C(C1=CC=C(C)C=C1)C(=O)O2,14,28,5.207552909851074,3JHC,0.007552909851074
NC1=NC=NC2=C1N=CN2C1OCC(O)C(O)C1O,1,21,5.329014301300049,3JHC,0.470985698699951
O=C1NCC2CC1C1=CC=CC=C12,3,17,3.737567663192749,3JHC,0.0375676631927488
CC(C)(C)OC(=O)NCCC1=CC(F)=CC=C1,26,27,6.054482460021973,3JHH,0.3455175399780277
CC(C)(C)OC(=O)NCCC1=CC(F)=CC=C1,26,28,6.054482460021973,3JHH,0.8455175399780277
CCC(C)C1COC(C2(C3=NC(C(C)CC)CO3)CC2)=N1,21,25,6.052187442779541,3JHH,0.7478125572204588
O=C(NC1=CC(O)=C(Br)C=C1)N1CCOCC1,1,22,1.9181385040283203,3JHC,0.4818614959716796
CCCC=C1C2=CC=CC=C2SC2=C1C=CC=C2,18,21,6.05144739151001,3JHH,0.24855260848999
C#CCCN1CCN(CC2=CC=CC=C2)CC1,9,26,3.011600971221924,2JHC,0.3116009712219236
COC1=CC=C(S(=O)(=O)C=C(C)C2=NC=CC=C2)C=C1,11,25,5.18452262878418,3JHC,0.9545226287841792
O=C1NC(C2=CC=CC(Cl)=C2)=NC2=CC(O)=C(O)C(O)=C12,1,21,1.0845674276351929,2JHC,0.815432572364807
COC1=CC=C(CC(C)=O)C=C1OC,2,17,1.6188790798187256,2JHC,0.3811209201812744
CC1=NC=C([N+](=O)[O-])N1CCN1C=C(CC2=CC=CC=C2)N=N1,13,31,1.1191468238830566,2JHC,0.4191468238830567
CC1=NC=C([N+](=O)[O-])N1CCN1C=C(CC2=CC=CC=C2)N=N1,27,29,5.967531204223633,3JHH,0.5324687957763672
CC1=NC=C([N+](=O)[O-])N1CCN1C=C(CC2=CC=CC=C2)N=N1,27,30,5.967531204223633,3JHH,0.5324687957763672
CC(=O)OCCCCCCC=CCCCl,18,20,5.997391223907471,3JHH,0.9026087760925297
CC(=O)OCCCCCCC=CCCCl,19,20,5.997391223907471,3JHH,0.9026087760925297
CC(=O)OCCCCCCC=CCCCl,19,21,5.997391223907471,3JHH,0.9026087760925297
CCCCCC=CCC1OC(C)(C)OC1C=CC(=O)OCC,23,26,6.050418376922607,3JHH,0.6495816230773928
CCCCCC=CCC1OC(C)(C)OC1C=CC(=O)OCC,24,25,6.050418376922607,3JHH,0.6495816230773928
CC1=CCC(C)(C)C=CC(=O)C(C)CCC1,19,20,5.992358207702637,3JHH,0.6076417922973629
CN(C)CCSC1=CC=CC(CCOS(C)(=O)=O)=C1,25,27,5.886666774749756,3JHH,0.6133332252502441
O=C(/C=C/C1=CC=CC=C1)NC1=CC(Cl)=CC(Cl)=C1,1,20,1.9423062801361084,3JHC,0.1423062801361083
O=C(/C=C/C1=CC=CC=C1)NC1=CC(Cl)=CC(Cl)=C1,2,26,1.9423062801361084,3JHC,0.0576937198638916
CN1CCN(C2=NC(C3=CC=CC=C3)=CC3=CC=CC=C23)CC1,5,28,5.060292720794678,3JHC,0.4602927207946781
CN1CCN(C2=NC(C3=CC=CC=C3)=CC3=CC=CC=C23)CC1,5,29,5.060292720794678,3JHC,0.4602927207946781
COC1=CC(I)=NC=C1,2,9,5.19254207611084,3JHC,0.60745792388916
COC1=CC(I)=NC=C1,2,12,1.641186237335205,2JHC,0.7588137626647948
COC1=CC(I)=NC=C1,13,14,5.586497783660889,3JHH,0.2135022163391111
O=C(OCC1=CC=CC=C1)N1CCCC1CO,4,20,5.628640174865723,3JHC,0.4286401748657225
CC(C)(C)C(O)C#CC1=CC=CC=C1,0,17,5.696071624755859,3JHC,0.296071624755859
CC(C)(C)C(O)C#CC1=CC=CC=C1,0,18,5.696071624755859,3JHC,0.296071624755859
FC(F)(F)C1=CC=C(C2=CNC3=CC=CC=C23)C=C1,4,19,2.2704639434814453,2JHC,0.3295360565185548
COC(=O)C(N)(C1=CC=CC=C1)C(O)C1=CC=C([N+](=O)[O-])C=C1,6,28,1.888468027114868,2JHC,0.688468027114868
CCCCC=CCCCCCCCCCCO,17,20,6.053638458251953,3JHH,0.4463615417480469
CC1=CC=C(S(=O)(=O)C2=CCCC2=O)C=C1,8,22,3.263102769851685,3JHC,0.5631027698516848
CC(C)C(CO)N1C=CC2=C(C=CC=C2N)C1=O,7,25,4.93790340423584,3JHC,0.0379034042358394
CC(C)C(CO)N1C=CC2=C(C=CC=C2N)C1=O,16,25,7.197741985321045,3JHC,0.6022580146789549
CC(C)C(CO)N1C=CC2=C(C=CC=C2N)C1=O,16,29,7.197741985321045,3JHC,0.6022580146789549
CC(C)C(CO)N1C=CC2=C(C=CC=C2N)C1=O,16,31,7.197741985321045,3JHC,0.6022580146789549
CC(C)C(CO)N1C=CC2=C(C=CC=C2N)C1=O,20,21,6.057103633880615,3JHH,0.4428963661193847
CC(C)C(CO)N1C=CC2=C(C=CC=C2N)C1=O,21,22,6.057103633880615,3JHH,0.6428963661193849
COC1=CC(OC)=C(C=C2C(=O)ON=C2C2=CC=CC=C2)C=C1,8,36,2.9014902114868164,3JHC,0.5014902114868165
C/C=C/C=C/C(=O)OCC1COC(C2=CC=CC=C2O)=N1,13,33,1.1103811264038086,2JHC,0.3896188735961914
C/C=C/C=C/C(=O)OCC1COC(C2=CC=CC=C2O)=N1,13,34,4.988250255584717,3JHC,0.4882502555847168
C/C=C/C=C/C(=O)OCC1COC(C2=CC=CC=C2O)=N1,14,34,1.1103811264038086,2JHC,0.1103811264038086
C=C(C1=CC(C)=C(Br)C(C)=C1)C1CO1,0,24,2.428939819335937,3JHC,0.7710601806640631
C=C(C1=CC(C)=C(Br)C(C)=C1)C1CO1,2,14,5.46668004989624,3JHC,0.3333199501037596
C=C(C1=CC(C)=C(Br)C(C)=C1)C1CO1,2,15,5.46668004989624,3JHC,0.4333199501037601
CC1(C)OC2CC=CC([Si](C)(C)C)C2O1,6,21,3.3064398765563965,3JHC,0.3064398765563965
CC1(C)OC2CC=CC([Si](C)(C)C)C2O1,6,26,3.3064398765563965,3JHC,0.6935601234436035
CC(C(=O)N1C(=O)OC2=C1C=CC=C2)C(O)C(C)(C)C,2,20,3.322570562362671,3JHC,0.3225705623626709
CC(C(=O)N1C(=O)OC2=C1C=CC=C2)C(O)C(C)(C)C,2,21,3.322570562362671,3JHC,0.3225705623626709
CC(C(=O)N1C(=O)OC2=C1C=CC=C2)C(O)C(C)(C)C,21,23,6.056766986846924,3JHH,0.9432330131530762
COC(=O)C1CC(=O)NO1,13,14,5.637533187866211,3JHH,0.4624668121337887
[O-][N+]1=NC(NCCN2CCCCC2)=NC2=CC=C3CCCC3=C21,16,41,5.60434627532959,3JHC,0.4956537246704098
CC(C)(C)NC1=NC=CC(C#C[Si](C)(C)C)=N1,5,27,4.935729503631592,3JHC,0.0642704963684082
CC(C)(C)NC1=NC=CC(C#C[Si](C)(C)C)=N1,9,27,4.935729503631592,3JHC,0.0642704963684082
CC=C=CC1=CC2=C(C=CC=C2)C1,20,21,5.972472190856934,3JHH,0.627527809143066
NC1=CN(C2=CC=CN=C2)N=C1Cl,1,13,2.4362683296203613,2JHC,0.1637316703796387
NC1=CN(C2=CC=CN=C2)N=C1Cl,16,17,4.838168621063232,3JHH,0.1381686210632322
CCCCCC=CCCC(O)C#CC(=O)OCC,18,22,6.054167747497559,3JHH,0.8458322525024418
CCCCCC=CCCC(O)C#CC(=O)OCC,19,21,6.054167747497559,3JHH,0.8458322525024418
CCOC(=O)C(C#N)NC(=O)C(C)C,15,17,6.043976783752441,3JHH,0.9060232162475588
CCOC(=O)C(C#N)NC(=O)C(C)C,15,18,6.043976783752441,3JHH,0.9060232162475588
CCOC(=O)C(C#N)NC(=O)C(C)C,16,17,6.043976783752441,3JHH,0.9060232162475588
CC1CCCCN1C1=CC=C(C=NNC2=CC=CC=C2)C=C1,22,25,6.052795886993408,3JHH,0.5772041130065917
CC1=CC2C(C)C(OC(=O)C3=CC=CC=C3)CC2C1(C)C,10,32,4.996784687042236,3JHC,0.0967846870422359
CC(C)C#CC1OC(=O)C2OC(C)(C)OC12,0,20,5.699402332305908,3JHC,0.0994023323059085
CC(C)C#CC1OC(=O)C2OC(C)(C)OC12,0,21,5.699402332305908,3JHC,0.0994023323059085
CC(C)C#CC1OC(=O)C2OC(C)(C)OC12,7,23,3.312743663787842,3JHC,0.2872563362121583
CC(C)C#CC1OC(=O)C2OC(C)(C)OC12,16,19,6.054773330688477,3JHH,0.8452266693115238
CC(C)C#CC1OC(=O)C2OC(C)(C)OC12,17,19,6.054773330688477,3JHH,0.8452266693115238
COC1=CC(OC)=CC(N2CC(=O)N(C(C)=O)CC2=O)=C1,2,24,1.6701104640960691,2JHC,0.5298895359039311
COC1=CC(OC)=CC(N2CC(=O)N(C(C)=O)CC2=O)=C1,2,36,1.6701104640960691,2JHC,0.5298895359039311
CN1C=C(C(=O)/C=C/C2=CC=C(O)C(O)=C2)C2=CC=CC=C21,3,25,1.5396785736083984,2JHC,0.5603214263916017
C=CC1C2OC(C3=C2C=CC=C3)C1C1CC2OC1C1=C2C=CC=C1,2,24,4.416877269744873,3JHC,0.3168772697448734
C=CCC1OC(C2CC(O)C(CC)O2)CC1Br,20,22,4.86803674697876,3JHH,0.3319632530212404
CCOC(=O)C(=CNC1=C2N=CC=CC2=CC=C1)C(=O)OCC,8,28,4.9460954666137695,3JHC,0.7460954666137694
CS(=O)(=O)C1=CC=C(C2=C([N+](=O)[O-])C=CC3=C2NC=C3)C=C1,4,22,3.38425874710083,3JHC,0.28425874710083
CS(=O)(=O)C1=CC=C(C2=C([N+](=O)[O-])C=CC3=C2NC=C3)C=C1,4,23,3.38425874710083,3JHC,0.1842587471008299
CCOC(=O)C1CC(C)CCN1C(=O)OC(C)(C)C,19,22,6.040205478668213,3JHH,0.7597945213317869
CCOC(=O)C1CC(C)CCN1C(=O)OC(C)(C)C,20,22,6.040205478668213,3JHH,0.0402054786682128
COC1=CC2=C(C=C1OC)/C(=C/C1=CC=CN1)C(=O)N2,2,23,1.6896986961364746,2JHC,0.5103013038635256
COC1=CC2=C(C=C1OC)/C(=C/C1=CC=CN1)C(=O)N2,4,23,1.6896986961364746,2JHC,0.5103013038635256
COC1=CC2=C(C=C1OC)/C(=C/C1=CC=CN1)C(=O)N2,10,24,2.883937358856201,3JHC,0.7160626411437989
CCCCCCOC1=C(C=O)C=C(Br)C=C1OC,9,32,3.299000740051269,3JHC,0.9990007400512692
CCCCCCOC1=C(C=O)C=C(Br)C=C1OC,18,21,6.048008441925049,3JHH,0.6519915580749513
CC1=CC(CNC2=CC=CC=C2)=CC(C)=C1O,1,17,0.9997823238372804,2JHC,0.1002176761627197
C=C(C)C(=O)N1C(=S)N(CC(C)C)C2=CC=CC=C21,2,19,4.8664231300354,3JHC,0.1335768699645996
C=C(C)C(=O)N1C(=S)N(CC(C)C)C2=CC=CC=C21,2,20,4.8664231300354,3JHC,0.1335768699645996
CCCCCCC1(C)SC(=O)C=C1OC,15,18,6.054779052734375,3JHH,0.6452209472656252
BrC1=C(C=NC2CCCCC2)SC=C1,1,14,4.88485050201416,3JHC,0.4151494979858396
BrC1=C(C=NC2CCCCC2)SC=C1,1,26,4.88485050201416,3JHC,0.31514949798584
COC1=CC=C(C2=C(C)C(=O)CN(C(=O)OC(C)(C)C)C2)C=C1,2,26,1.6304726600646973,2JHC,0.0304726600646971
CC(C)(C)C#CC(=O)/C=C/C1=CC=CC=C1,10,25,4.93901252746582,3JHC,0.1609874725341793
C1=NNC=C1C1=CN=C2C=CC(N3CCOCC3)=NN12,13,32,4.388296604156494,3JHC,0.4882966041564942
C1=NNC=C1C1=CN=C2C=CC(N3CCOCC3)=NN12,13,33,4.388296604156494,3JHC,0.0882966041564943
CCCC(CC)CO,0,13,5.699402809143066,3JHC,0.299402809143066
[H]C1=C([H])C2=C(C(=O)CCC2)C([H])=C1[H],0,19,5.330337047576904,3JHC,0.9696629524230956
[H]C1=C([H])C2=C(C(=O)CCC2)C([H])=C1[H],1,17,5.330337047576904,3JHC,0.9696629524230956
COC1=CC=C2N=C(N=CC3=CC4=CC=CC=C4S3)SC2=C1,2,22,5.1700053215026855,3JHC,0.1700053215026855
CC1=NN(C2=C3C=CC=CN3C3=NC=CN=C23)C(C)=C1,23,24,5.949522495269775,3JHH,0.8504775047302244
CC1=NN(C2=C3C=CC=CN3C3=NC=CN=C23)C(C)=C1,24,25,5.949522495269775,3JHH,0.8504775047302244
CC1=NN(C2=C3C=CC=CN3C3=NC=CN=C23)C(C)=C1,27,28,5.949522495269775,3JHH,0.8504775047302244
C1=NC2=NC=NN2C(C2=CSC=C2)=C1,0,19,2.6738879680633545,2JHC,0.1238879680633546
C1=NC2=NC=NN2C(C2=CSC=C2)=C1,7,14,5.562010765075684,3JHC,0.4620107650756839
C1=NC2=NC=NN2C(C2=CSC=C2)=C1,7,16,5.562010765075684,3JHC,0.4620107650756839
C1=NC2=NC=NN2C(C2=CSC=C2)=C1,14,19,4.516866207122803,3JHH,0.2668662071228027
CC(=O)OCCN1C=CC2=C(C=CC=C2[N+](=O)[O-])C1=O,7,25,4.969011306762695,3JHC,0.1309886932373043
CC(=O)OCCN1C=CC2=C(C=CC=C2[N+](=O)[O-])C1=O,7,26,4.969011306762695,3JHC,0.1309886932373043
CC(=O)OCCN1C=CC2=C(C=CC=C2[N+](=O)[O-])C1=O,18,25,7.177424907684326,3JHC,0.8225750923156738
CC(=O)OCCN1C=CC2=C(C=CC=C2[N+](=O)[O-])C1=O,18,26,7.177424907684326,3JHC,0.8225750923156738
CC(=O)OCCN1C=CC2=C(C=CC=C2[N+](=O)[O-])C1=O,18,27,7.177424907684326,3JHC,0.8225750923156738
CC(=O)OCCN1C=CC2=C(C=CC=C2[N+](=O)[O-])C1=O,18,29,7.177424907684326,3JHC,0.9225750923156736
COCOCC1CCCCC1=O,10,17,2.8486342430114746,3JHC,0.7486342430114745
O=C1NC(=O)C2=C(N1)OC(=O)C=C2CCCCCl,11,21,5.64222526550293,3JHC,0.95777473449707
CCC(=O)OC1=CC=C2C(C)=CC(=O)OC2=C1,12,27,0.7210395336151123,2JHC,0.0789604663848877
CCCO/N=C\C1=CC2=C(CC3CC2C2=CC=CC=C23)O1,7,28,4.946791648864746,3JHC,0.4467916488647461
CCCO/N=C\C1=CC2=C(CC3CC2C2=CC=CC=C23)O1,7,35,4.946791648864746,3JHC,0.0532083511352539
CCCO/N=C\C1=CC2=C(CC3CC2C2=CC=CC=C23)O1,21,25,6.048712730407715,3JHH,0.9512872695922852
CCCO/N=C\C1=CC2=C(CC3CC2C2=CC=CC=C23)O1,23,25,6.048712730407715,3JHH,0.8512872695922855
CCCCCCCCC1(C)SC(=O)C(C)=C1OC,18,21,6.034879684448242,3JHH,0.9651203155517578
O=[N+]([O-])C1=CC=CC(C2=NC3=CC=C([N+](=O)[O-])C=C3N2)=C1,8,23,1.946312427520752,3JHC,0.053687572479248
C=CCC(OC(=O)C=C)C1OC1C1=CC=CC=C1,0,21,2.3496205806732178,3JHC,0.1496205806732176
C=CCC(OC(=O)C=C)C1OC1C1=CC=CC=C1,0,22,2.3496205806732178,3JHC,0.3496205806732178
C=CCC(OC(=O)C=C)C1OC1C1=CC=CC=C1,1,23,2.3496205806732178,3JHC,0.7496205806732177
C=CCC(OC(=O)C=C)C1OC1C1=CC=CC=C1,5,23,2.3496205806732178,3JHC,0.7496205806732177
CC1(C)C2CC=C(CCO)C1C2,0,15,5.699408531188965,3JHC,0.0994085311889652
COC1=C2OC(=O)C(C#N)=C(Cl)C2=C(OC)C2=C1OC=C2,19,28,1.3459739685058594,2JHC,0.7540260314941407
COC1=C2OC(=O)C(C#N)=C(Cl)C2=C(OC)C2=C1OC=C2,20,27,1.3459739685058594,2JHC,0.7540260314941407
O=C(Cl)C1=C(C2=CC=C(C(F)(F)F)C=C2)C=CC=C1,1,26,1.95123553276062,3JHC,0.95123553276062
CC1=NOC(C)=C1C1=CC=C2C3=C(C=CC=C13)C(=O)N2CC(=O)O,30,31,5.947080135345459,3JHH,0.2529198646545412
CCCCCCOC1=CC([N+](=O)[O-])=C(NC(C)=O)C=C1,20,24,6.046636581420898,3JHH,0.0466365814208984
CCCCCCOC1=CC([N+](=O)[O-])=C(NC(C)=O)C=C1,21,23,6.046636581420898,3JHH,0.0466365814208984
CCOC1CN(C2CCN(C3=C(C)C=C(N)C(OC)=C3)CC2)C1,23,27,6.050124645233154,3JHH,0.7498753547668455
CC(C)(O)CNC(=O)CCC1=CC=CC=C1,23,25,6.054715156555176,3JHH,0.0547151565551757
O=C1CCCC=C1C(O)C1=CC=CC(Cl)=C1,9,24,5.6186842918396,3JHC,0.0186842918395999
O=C1CCCC=C1C(O)C1=CC=CC(Cl)=C1,9,26,5.6186842918396,3JHC,0.0186842918395999
O=C1CCCC=C1C(O)C1=CC=CC(Cl)=C1,16,18,4.295548915863037,3JHH,0.0955489158630369
CC=CC(=O)C1=C(OC)C=C(OC)C(C)=C1,16,19,5.9835286140441895,3JHH,0.4164713859558109
O=C1CCC(O)N1C1=CC=C([N+](=O)[O-])C(C(F)(F)F)=C1,1,22,1.9255452156066888,3JHC,0.3744547843933106
O=C1CCC(O)N1C1=CC=C([N+](=O)[O-])C(C(F)(F)F)=C1,1,23,1.9255452156066888,3JHC,0.1255452156066892
O=C1CCC(O)N1C1=CC=C([N+](=O)[O-])C(C(F)(F)F)=C1,8,28,5.631846904754639,3JHC,0.0681530952453615
C=C1C(C2=C(F)C=CC=C2)=CC(=O)N1C1=CC=CC=C1,2,20,2.3161303997039795,3JHC,0.5161303997039794
CC(OC1=CC=C(C(=O)C(F)(F)F)C=C1)C(=O)OC(C)(C)C,24,25,6.054378986358643,3JHH,0.7456210136413572
CC(OC1=CC=C(C(=O)C(F)(F)F)C=C1)C(=O)OC(C)(C)C,26,27,6.054378986358643,3JHH,0.7456210136413572
O=[N+]([O-])C1=CC=C(C2=CC=CC=C2)S1,14,15,4.2850422859191895,3JHH,0.2149577140808105
O=C(NC1=CC=CC2=CC=CN=C12)C1CCCO1,19,20,4.287057876586914,3JHH,0.0870578765869138
C(=CC1=CNC2=CC=CC=C12)C1=CC=CC2=CN=CC=C12,0,29,2.404127597808838,3JHC,0.0958724021911621
C(=CC1=CNC2=CC=CC=C12)C1=CC=CC2=CN=CC=C12,2,21,5.47681188583374,3JHC,0.5231881141662598
C(=CC1=CNC2=CC=CC=C12)C1=CC=CC2=CN=CC=C12,2,24,5.47681188583374,3JHC,0.5231881141662598
CCC(=O)NC1CCN(CCC2=CC=CS2)CC1,2,18,3.296177864074707,3JHC,0.0938221359252931
CCC(=O)NC1CCN(CCC2=CC=CS2)CC1,11,29,4.949356555938721,3JHC,0.7493565559387205
CCC(=O)NC1CCN(CCC2=CC=CS2)CC1,11,31,0.9366068840026855,2JHC,0.0833931159973144
CCC(=O)NC1CCN(CCC2=CC=CS2)CC1,11,32,0.9366068840026855,2JHC,0.2733931159973144
CCC(=O)NC1CCN(CCC2=CC=CS2)CC1,18,22,6.0450592041015625,3JHH,0.8249407958984376
COC1=CC=C2OCC(=O)N(CC(C)CO)C2=C1,8,25,2.8957977294921875,3JHC,0.0957977294921876
COC1=CC=C2OCC(=O)N(CC(C)CO)C2=C1,8,26,2.8957977294921875,3JHC,0.0957977294921876
CCCCCCCCC1NC(=O)CC1O,0,20,5.699615478515625,3JHC,0.699615478515625
CCCCCCCCC1NC(=O)CC1O,10,32,3.3021955490112305,3JHC,0.6021955490112303
CCCCCCCCC1NC(=O)CC1O,15,18,6.0512518882751465,3JHH,0.7487481117248533
CCCCCCCCC1NC(=O)CC1O,15,19,6.0512518882751465,3JHH,0.0487481117248531
CC1=C(C2=CCCCCC2Br)C=CC=C1,18,19,6.004831790924072,3JHH,0.6951682090759279
CN(C)C1=CC=C(C2=NC(C3=CC=CO3)=C(C3=CC=CO3)N2)C=C1,3,30,1.3865244388580322,2JHC,0.6134755611419678
O=C1NC2=CC=C(Br)C=C2C12CCNCC2,1,20,1.8942248821258545,3JHC,0.0542248821258544
O=C1C2=C(C=CC=C2)C(=O)C2=C1OC=C2C1=CC=C(F)C=C1,2,22,5.640805721282959,3JHC,0.4408057212829588
O=C1C2=C(C=CC=C2)C(=O)C2=C1OC=C2C1=CC=C(F)C=C1,2,24,5.640805721282959,3JHC,0.4408057212829588
O=C1C2=C(C=CC=C2)C(=O)C2=C1OC=C2C1=CC=C(F)C=C1,3,23,5.640805721282959,3JHC,0.4408057212829588
CCCCCCCCCCCC1(CO)OC(=O)CCC1O,23,25,6.0495476722717285,3JHH,0.6504523277282717
CC(=O)C1=CC(C(=O)O)=C2C=CC=CN12,20,21,6.040890216827393,3JHH,0.9591097831726074
CN(C)CCOC1=CC=C(Br)C=C1,0,16,5.567705631256104,3JHC,0.0322943687438952
CN(C)CCOC1=CC=C(Br)C=C1,0,17,5.567705631256104,3JHC,0.0322943687438952
CC1(C)OCC(CO)(COCC2=CC3=C(C=CC=C3)C=C2)CO1,0,26,5.699395179748535,3JHC,0.1006048202514646
CC1(C)OCC(CO)(COCC2=CC3=C(C=CC=C3)C=C2)CO1,11,43,4.940953731536865,3JHC,0.3590462684631346
O=S1(C2CC2)=NC2=C(C3=CC=CC=C3CO2)C2=CC=CC=C21,16,36,7.103488445281982,3JHC,0.8965115547180176
O=S1(C2CC2)=NC2=C(C3=CC=CC=C3CO2)C2=CC=CC=C21,21,22,7.103488445281982,3JHC,0.6965115547180174
O=S1(C2CC2)=NC2=C(C3=CC=CC=C3CO2)C2=CC=CC=C21,21,33,7.103488445281982,3JHC,0.5965115547180178
O=S1(C2CC2)=NC2=C(C3=CC=CC=C3CO2)C2=CC=CC=C21,21,35,7.103488445281982,3JHC,0.1965115547180174
OC1=CC(O)=C2CC(O)C(C3=CC(O)=C(O)C=C3)OC2=C1,1,21,2.291414976119995,2JHC,0.0085850238800047
OC1=CC(O)=C2CC(O)C(C3=CC(O)=C(O)C=C3)OC2=C1,1,22,2.291414976119995,2JHC,0.0085850238800047
OC1=CC(O)=C2CC(O)C(C3=CC(O)=C(O)C=C3)OC2=C1,1,34,2.291414976119995,2JHC,0.5914149761199952
OC1=CC(O)=C2CC(O)C(C3=CC(O)=C(O)C=C3)OC2=C1,2,23,5.44684648513794,3JHC,0.0468464851379399
CCCC1CCCC2CCCC(C)N12,14,17,6.049721717834473,3JHH,0.0497217178344726
CC(C)(C)OC(=O)NCCOCCOCCBr,26,27,6.054680347442627,3JHH,0.945319652557373
C=CCC(CO)(CO)CC=C,11,13,4.830924034118652,3JHH,0.1690759658813476
CN1N=CC=C1C=O,3,12,1.463550090789795,2JHC,0.5364499092102051
CN1N=CC=C1C=O,4,11,1.463550090789795,2JHC,0.5364499092102051
CC1=NC2=CC=CC(N)=C2C(=O)N1C1CCC(=O)NC1=O,10,29,7.194039821624756,3JHC,0.8059601783752441
CC1=NC2=CC=CC(N)=C2C(=O)N1C1CCC(=O)NC1=O,24,25,6.053644180297852,3JHH,0.0536441802978515
CC1CN(C2=CC=CN=C2)N=C1Cl,4,17,4.9450554847717285,3JHC,0.3450554847717288
CC1CN(C2=CC=CN=C2)N=C1Cl,11,13,3.302856922149658,3JHC,0.5028569221496584
CC1CN(C2=CC=CN=C2)N=C1Cl,16,17,6.05180549621582,3JHH,0.7481945037841795
CC(C)NN1C=NC2=C(N)N=C3C=CC=CC3=C21,20,21,6.054992198944092,3JHH,0.1450078010559083
COC1=C(Br)C=C2C3=C(C(C)=NC=C3)N(C)C2=C1,2,18,5.203866004943848,3JHC,0.0038660049438474
COC1=C(Br)C=C2C3=C(C(C)=NC=C3)N(C)C2=C1,2,19,5.203866004943848,3JHC,0.0038660049438474
CC1(C2=CC=CC=C2)CCN(CCCN)CC1,20,21,6.050191879272461,3JHH,0.9498081207275392
CC1(C2=CC=CC=C2)CCN(CCCN)CC1,21,22,6.050191879272461,3JHH,0.9498081207275392
CC1(C2=CC=CC=C2)CCN(CCCN)CC1,22,23,6.050191879272461,3JHH,0.0501918792724609
CCOC(=O)CC1=C([N+](=O)[O-])C=CC(Br)=C1,3,19,3.302444696426392,3JHC,0.4024446964263921
COC1=CC=C2CC3C=CC(C3)C2=C1,8,19,2.855466604232788,3JHC,0.0554666042327882
COC1=CC=C2CC3C=CC(C3)C2=C1,20,21,5.509398937225342,3JHH,0.0093989372253417
COC1=CC=C2CC3C=CC(C3)C2=C1,21,22,5.509398937225342,3JHH,0.0093989372253417
CC1=CC=C(CC2C3=CC=CC=C3C3=CC(C)=NN32)C=C1,1,25,4.970035076141357,3JHC,0.9700350761413574
CC1=CC=C(CC2C3=CC=CC=C3C3=CC(C)=NN32)C=C1,1,37,4.970035076141357,3JHC,0.9700350761413574
COC(=O)C(CCC(C)C)C(C)O,16,17,5.640748500823975,3JHH,0.7592514991760257
COC(=O)C(CCC(C)C)C(C)O,16,28,5.640748500823975,3JHH,0.959251499176025
C1=CC=C(C2CC(C3=CC=CN=C3)=NO2)C=C1,0,18,1.9869468212127688,2JHC,0.2869468212127688
C1=CC=C(C2CC(C3=CC=CN=C3)=NO2)C=C1,0,28,1.9869468212127688,2JHC,0.2869468212127688
C1=CC=C(C2CC(C3=CC=CN=C3)=NO2)C=C1,1,17,1.9869468212127688,2JHC,0.2869468212127688
C#CCSC1=NC2=CN=CC=C2C(NCC(C)C)=N1,4,20,5.658481121063232,3JHC,0.258481121063232
C#CCSC1=NC2=CN=CC=C2C(NCC(C)C)=N1,4,21,5.658481121063232,3JHC,0.1584811210632324
C#CCSC1=NC2=CN=CC=C2C(NCC(C)C)=N1,7,23,5.658481121063232,3JHC,0.1584811210632324
C#CCSC1=NC2=CN=CC=C2C(NCC(C)C)=N1,9,24,3.022478580474853,2JHC,0.5224785804748531
C#CCSC1=NC2=CN=CC=C2C(NCC(C)C)=N1,10,23,3.022478580474853,2JHC,0.5224785804748531
CC(C)COC1=C(C#N)C=C(C2=NC=CC=N2)C=C1,5,26,4.937558174133301,3JHC,0.0375581741333004
CC(C)COC1=C(C#N)C=C(C2=NC=CC=N2)C=C1,5,27,4.937558174133301,3JHC,0.0375581741333004
CC(C)COC1=C(C#N)C=C(C2=NC=CC=N2)C=C1,21,22,6.057052135467529,3JHH,0.4429478645324707
CC(C)COC1=C(C#N)C=C(C2=NC=CC=N2)C=C1,22,24,6.057052135467529,3JHH,0.6429478645324709
CCOC(=O)C1(C(=O)OCC)CC(N=[N+]=[N-])C1,17,20,6.04729700088501,3JHH,0.9527029991149902
CCOC(=O)C1(C(=O)OCC)CC(N=[N+]=[N-])C1,17,21,6.04729700088501,3JHH,0.9527029991149902
CCOC(=O)C1(C(=O)OCC)CC(N=[N+]=[N-])C1,18,20,6.04729700088501,3JHH,0.9527029991149902
CCOC(=O)C1(C(=O)OCC)CC(N=[N+]=[N-])C1,18,21,6.04729700088501,3JHH,0.9527029991149902
CCOC(=O)C1(C(=O)OCC)CC(N=[N+]=[N-])C1,19,20,6.04729700088501,3JHH,0.9527029991149902
O=C(C1=CC=C(F)C=C1)N1CCC2=C(NC3=CC=CC=C23)C1=O,2,24,5.627114295959473,3JHC,0.7728857040405277
O=C(C1=CC=C(F)C=C1)N1CCC2=C(NC3=CC=CC=C23)C1=O,2,25,5.627114295959473,3JHC,0.7728857040405277
CC1=CC=C2C(=C1)C=CN=S2(C)=O,4,18,7.178279876708984,3JHC,0.278279876708984
CC1=CC=C2C(=C1)C=CN=S2(C)=O,4,19,7.178279876708984,3JHC,0.1782798767089843
COCOC(C)(C)CCCC1=CC(Br)=CC=C1,0,20,5.195845603942871,3JHC,0.9958456039428708
CC(C)SC1=NC2=C(Cl)C=CC=C2N(C)C1=O,15,27,7.191275596618652,3JHC,0.9087244033813472
CC(C)SC1=NC2=C(Cl)C=CC=C2N(C)C1=O,15,29,7.191275596618652,3JHC,0.3912755966186525
NC1=CC=CC2=C1CC(O)CC2,7,20,4.786649703979492,3JHC,0.6666497039794921
CC1CC1(CO)C1=CC=C(Cl)C=C1,6,16,4.98773193359375,3JHC,0.01226806640625
CC1CC1(CO)C1=CC=C(Cl)C=C1,6,17,4.98773193359375,3JHC,0.01226806640625
CC1CC1(CO)C1=CC=C(Cl)C=C1,13,16,5.97125244140625,3JHH,0.02874755859375
O=C(CCN1C=CC(O)=NC1=O)NN=C1CCCC1,10,21,6.637842178344727,3JHC,0.0378421783447269
N#CC1=CC=C(C2=CSC(NN=CC3CCCCC3)=N2)C=C1,2,23,5.698709487915039,3JHC,0.6987094879150391
C1=CN=C2C3=C(C=CC2=C1)CCCN3,0,15,2.1709702014923096,2JHC,0.9290297985076904
C1=CN=C2C3=C(C=CC2=C1)CCCN3,4,23,5.406290531158447,3JHC,0.8937094688415526
CN1CC(=CBr)OC1=NC1=CC=C(Cl)C=C1,4,19,3.097363948822021,3JHC,0.3973639488220208
CN1CC(=CBr)OC1=NC1=CC=C(Cl)C=C1,4,20,3.097363948822021,3JHC,0.3973639488220208
CN(C)C(=O)CC1=CC=C2C=CC=C2C=C1,3,16,3.0951972007751465,3JHC,0.7048027992248533
CN(C)C(=O)CC1=CC=C2C=CC=C2C=C1,3,17,3.0951972007751465,3JHC,0.6048027992248537
C#CCCCCCCCCOCC1=CC=CC=C1,12,35,3.016432285308838,2JHC,0.3164322853088377
C#CCCCCCCCCOCC1=CC=CC=C1,12,38,5.656820774078369,3JHC,0.9431792259216304
COC(=O)C(C)SC1=NC2=C(C(=O)N(C)C(=O)N2C)N1C,11,28,7.053403377532959,3JHC,0.3534033775329588
COC(=O)C1=C(S(=O)(=O)NC(C)C)C=CC(C)=C1,4,34,1.6152677536010742,2JHC,0.0152677536010741
N#CC1=C2NN=C(N3C(=O)C4=C(C=CC=C4)C3=O)C2=C(N)S1,2,22,5.6841559410095215,3JHC,0.0841559410095218
N#CC1=C2NN=C(N3C(=O)C4=C(C=CC=C4)C3=O)C2=C(N)S1,6,22,5.6841559410095215,3JHC,0.0841559410095218
CCOC1=CC(CO)=CC(OCC)=C1Cl,15,18,6.051394462585449,3JHH,0.9486055374145508
CCOC1=CC(CO)=CC(OCC)=C1Cl,15,19,6.051394462585449,3JHH,0.9486055374145508
CCOC(=O)C1=CC2=CC(NC(=O)CN(C)C)=CC=C2N1,5,26,0.8952445983886719,2JHC,0.9047554016113282
COC1=CC(CCC2=CC(O)=C(OC)C(C)=C2)=CC(OC)=C1O,2,26,1.7472584247589111,2JHC,0.2527415752410888
COC1=CC(CCC2=CC(O)=C(OC)C(C)=C2)=CC(OC)=C1O,4,26,1.7472584247589111,2JHC,0.2527415752410888
CCOC1=CC=C(C)C=C1,10,13,6.052821159362793,3JHH,0.947178840637207
CCOC1=CC=C(C)C=C1,10,14,6.052821159362793,3JHH,0.947178840637207
NCC1=CC(Br)=CC=C1[N+](=O)[O-],2,14,1.3579514026641846,2JHC,0.8420485973358156
CCCCOC(=O)C1(CCCCBr)CCCC1,17,20,6.051724433898926,3JHH,0.5482755661010739
CCCCOC(=O)C1(CCCCBr)CCCC1,17,21,6.051724433898926,3JHH,0.748275566101074
COC(=O)C1=C(C)NC(=O)NC1C1=CC=C(F)C(OC)=C1,12,28,5.161191940307617,3JHC,0.1611919403076172
COC(=O)C1=C(C)NC(=O)NC1C1=CC=C(F)C(OC)=C1,28,29,5.642971038818359,3JHH,0.3570289611816406
O=C1CC(O)C2COC1O2,1,12,1.9285006523132324,3JHC,0.7285006523132325
O=C1CC(O)C2COC1O2,10,12,4.257661819458008,3JHH,0.7423381805419922
COC1=CC(/C=C/C(=O)C2=CC=CS2)=CC=C1O,2,18,5.222796440124512,3JHC,0.4227964401245119
CC1=C(C2=NC3=C(C=CC=C3)C(=O)N2)C(NC2CCCC2)=CC=C1,11,27,7.184831619262695,3JHC,0.8151683807373047
CC(C)(C)OC(=O)N1CCC(=CC2=CC=C(C(=O)O)C=C2)CC1,0,26,5.699979782104492,3JHC,0.1000202178955076
CC(C)(C)OC(=O)N1CCC(=CC2=CC=C(C(=O)O)C=C2)CC1,0,27,5.699979782104492,3JHC,2.0217895507990136e-05
CC(C)(C)OC(=O)N1CCC(=CC2=CC=C(C(=O)O)C=C2)CC1,32,35,6.0564494132995605,3JHH,0.1564494132995602
CC(C)(C)OC(=O)N1CCC(=CC2=CC=C(C(=O)O)C=C2)CC1,33,34,6.0564494132995605,3JHH,0.1564494132995602
C#CCCSC1=CC=C(C2=CC=C(SC)S2)S1,5,22,2.988144874572754,2JHC,0.4881448745727539
CC(C)C(OC1=CC=CC=C1)C(C)OCC1=CC=CC=C1,5,28,4.936326503753662,3JHC,0.3636734962463377
CC(C)C(OC1=CC=CC=C1)C(C)OCC1=CC=CC=C1,24,25,6.053945541381836,3JHH,0.0460544586181637
CC(C)C(OC1=CC=CC=C1)C(C)OCC1=CC=CC=C1,24,26,6.053945541381836,3JHH,0.8460544586181644
CC(C)C(OC1=CC=CC=C1)C(C)OCC1=CC=CC=C1,24,27,6.053945541381836,3JHH,0.1460544586181642
CC(C)C(OC1=CC=CC=C1)C(C)OCC1=CC=CC=C1,24,28,6.053945541381836,3JHH,0.7460544586181639
CC(C)C(OC1=CC=CC=C1)C(C)OCC1=CC=CC=C1,28,34,6.053945541381836,3JHH,0.8460544586181644
CC(C)(C)/[N+]([O-])=C/C1=CC=C(OCCCN2CCCCC2)C=C1,35,38,6.050355911254883,3JHH,0.3496440887451175
COC(=O)C(CC1=CC=CC=C1)NC(=O)OC1CCOC1,24,25,5.656091690063477,3JHH,0.0560916900634769
COC(=O)C(CC1=CC=CC=C1)NC(=O)OC1CCOC1,24,26,5.656091690063477,3JHH,0.7439083099365238
NCC1=CN2C(F)=CN=C2C=C1,2,14,1.3546640872955322,2JHC,0.4546640872955322
O=C(O)C1=CC=C(NCC2=CC=CC=C2O)C=C1,5,21,5.639674186706543,3JHC,0.1603258132934568
CC1(C)OC1CCC1(C)OC1CO,0,16,5.676455497741699,3JHC,0.2764554977416988
CC1(C)OC1CCC1(C)OC1CO,0,17,5.676455497741699,3JHC,0.1235445022583006
CC1(C)OC1CCC1(C)OC1CO,19,20,6.022588729858398,3JHH,0.1774112701416017
CN(C)C1=C2C(N3CC4=C(C=CC=C4)C3)=CC=CC2=CC=C1,31,32,5.886903762817383,3JHH,0.913096237182617
CC1=NC2=CC=CC=C2C(=O)N1C1=CC=CC=C1,9,24,7.190887928009033,3JHC,0.509112071990967
C=CC(=C)[Si](C)(C)C1=NC=CC=C1,7,27,2.442296028137207,2JHC,0.557703971862793
C=CC(=C)[Si](C)(C)C1=NC=CC=C1,9,25,2.442296028137207,2JHC,0.557703971862793
C=CC(=C)[Si](C)(C)C1=NC=CC=C1,13,15,4.8308844566345215,3JHH,0.0691155433654788
CCOP(=O)(OCC)C(NC1=CC=CC=C1)C1=CC=CC=C1,22,25,6.050241470336914,3JHH,0.7497585296630858
CCOP(=O)(OCC)C(NC1=CC=CC=C1)C1=CC=CC=C1,22,26,6.050241470336914,3JHH,0.7497585296630858
CCOP(=O)(OCC)C(NC1=CC=CC=C1)C1=CC=CC=C1,24,25,6.050241470336914,3JHH,0.7497585296630858
CC(=O)SCC(CO)C(C)(C)C,1,15,3.2611587047576904,3JHC,0.0611587047576902
CC(=O)SCC(CO)C(C)(C)C,1,16,3.2611587047576904,3JHC,0.0611587047576902
CC(=O)SCC(CO)C(C)(C)C,4,18,5.661602973937988,3JHC,0.961602973937988
CC1=CC=C(S(=O)(=O)N2C=CC3=CC=CC=C32)C=C1,1,23,4.962796211242676,3JHC,0.9627962112426758
CC1=CC=C(S(=O)(=O)N2C=CC3=CC=CC=C32)C=C1,1,30,4.962796211242676,3JHC,0.9627962112426758
CC1=CC=C(S(=O)(=O)N2C=CC3=CC=CC=C32)C=C1,24,25,6.021618843078613,3JHH,0.9783811569213868
COC1=CC=C2C=C3C=COC3=CC2=C1OC,2,20,1.717085599899292,2JHC,0.5829144001007078
COC1=CC=C2C=C3C=COC3=CC2=C1OC,3,21,1.717085599899292,2JHC,0.5829144001007078
COC1=CC=C2C=C3C=COC3=CC2=C1OC,20,21,5.524475574493408,3JHH,0.7755244255065916
C(#CC1=CC=C(C#CC2=CC=NC=C2)C=C1)C1=CC=NC=C1,2,23,5.656676292419434,3JHC,0.3433237075805664
C(#CC1=CC=C(C#CC2=CC=NC=C2)C=C1)C1=CC=NC=C1,2,28,5.656676292419434,3JHC,0.3433237075805664
C#CCCNC1=C2CCCCC2=NC2=CC=C(Cl)C=C12,5,25,3.0124940872192383,2JHC,0.7124940872192385
C#CCCNC1=C2CCCCC2=NC2=CC=C(Cl)C=C12,5,26,5.655735969543457,3JHC,0.7442640304565433
C#CCCNC1=C2CCCCC2=NC2=CC=C(Cl)C=C12,5,27,5.655735969543457,3JHC,0.3442640304565429
C#CCCNC1=C2CCCCC2=NC2=CC=C(Cl)C=C12,5,36,5.655735969543457,3JHC,0.7442640304565433
C#CCCNC1=C2CCCCC2=NC2=CC=C(Cl)C=C12,6,26,3.0124940872192383,2JHC,0.8124940872192381
C#CCCNC1=C2CCCCC2=NC2=CC=C(Cl)C=C12,6,27,3.0124940872192383,2JHC,0.3124940872192381
C#CCCNC1=C2CCCCC2=NC2=CC=C(Cl)C=C12,11,32,3.0124940872192383,2JHC,0.4124940872192382
C=CCN(CCC=O)S(=O)(=O)C1=CC=C(C)C=C1,13,30,5.503606796264648,3JHC,0.8963932037353519
O=[N+]([O-])C1=NN(C2=CC=NC(NC3CC3)=N2)C=N1,6,19,5.617345809936523,3JHC,0.4173458099365232
O=[N+]([O-])C1=NN(C2=CC=NC(NC3CC3)=N2)C=N1,6,26,5.617345809936523,3JHC,0.4173458099365232
O=[N+]([O-])C1=NN(C2=CC=NC(NC3CC3)=N2)C=N1,13,20,3.794214963912964,3JHC,0.105785036087036
CS(=O)(=O)OCCC1=CC=NC(F)=C1,7,17,4.848700523376465,3JHC,0.2512994766235348
CS(=O)(=O)OCCC1=CC=NC(F)=C1,7,18,4.848700523376465,3JHC,0.2512994766235348
CS(=O)(=O)OCCC1=CC=NC(F)=C1,17,19,6.054041862487793,3JHH,0.3459581375122074
CS(=O)(=O)OCCC1=CC=NC(F)=C1,17,20,6.054041862487793,3JHH,0.3459581375122074
CN1C(=O)NC(N)=C(NC(=O)C2CCCC2)C1=O,2,18,7.132676601409912,3JHC,0.8673233985900879
CC(C)(C)OC(=O)NCCOC1=CC=C([N+](=O)[O-])C=C1,11,32,4.940482139587402,3JHC,0.2595178604125978
CC(C)(C)C(=O)C1(C)CCCC1OC(=O)C1=CC(O)=CC=C1,15,44,4.940959930419922,3JHC,0.0590400695800781
CC(=O)OCC1OC=CC(OC(C)=O)C1OS(C)(=O)=O,1,23,3.226897716522217,3JHC,0.3268977165222169
CC(=O)OCC1OC=CC(OC(C)=O)C1OS(C)(=O)=O,1,24,3.226897716522217,3JHC,0.3268977165222169
CC(=O)OCC1OC=CC(OC(C)=O)C1OS(C)(=O)=O,4,32,5.623083591461182,3JHC,0.523083591461182
CC(=O)OCC1OC=CC(OC(C)=O)C1OS(C)(=O)=O,7,25,3.226897716522217,3JHC,0.2268977165222168
CC(=O)OCC1OC=CC(OC(C)=O)C1OS(C)(=O)=O,23,25,5.964876651763916,3JHH,0.1351233482360836
O=C1C2=C(C=CC=C2)CCC2=C1C=C(Br)C=C2,1,20,1.938248634338379,3JHC,0.461751365661621
OC1C=CC(N2C=NC(C3=C(Cl)N=CC=C3)=C2)C1O,1,22,5.166922092437744,3JHC,0.5669220924377445
OC1C=CC(N2C=NC(C3=C(Cl)N=CC=C3)=C2)C1O,2,19,2.85449481010437,3JHC,0.5544948101043703
OC1C=CC(N2C=NC(C3=C(Cl)N=CC=C3)=C2)C1O,2,23,2.85449481010437,3JHC,0.5544948101043703
OC1C=CC(N2C=NC(C3=C(Cl)N=CC=C3)=C2)C1O,8,28,1.7365608215332031,2JHC,0.3365608215332032
OC1C=CC(N2C=NC(C3=C(Cl)N=CC=C3)=C2)C1O,9,27,1.7365608215332031,2JHC,0.0634391784667969
OC1C=CC(N2C=NC(C3=C(Cl)N=CC=C3)=C2)C1O,19,20,5.508087635040283,3JHH,0.8919123649597172
COC(=O)C1=NC=C2OCCCC2=C1C,19,21,5.601991176605225,3JHH,0.958008823394775
ONC1=CC(F)=CC=C1,2,10,1.9676263332366943,2JHC,0.1323736667633057
N#CC1=CC=C(OC2=CC=C(C(=O)CCC(=O)O)C=C2)C=C1,2,23,5.688497543334961,3JHC,0.6115024566650389
N#CC1=CC=C(OC2=CC=C(C(=O)CCC(=O)O)C=C2)C=C1,2,33,5.688497543334961,3JHC,0.6115024566650389
CC(C)C1=CC2=C(C=C1)C(=O)C(Br)CC2(C)C,19,20,6.055339813232422,3JHH,0.8446601867675785
CCCCC(=C=CCCC1=CC=CC=C1)C1=CC=C(OC)C=C1,23,27,6.053290367126465,3JHH,0.6467096328735353
CN1CCNC(=O)C1=CC(=O)C1=CC=CC=C1,11,26,1.3375368118286133,2JHC,0.1624631881713867
CN1CCNC(=O)C1=CC(=O)C1=CC=CC=C1,11,30,1.3375368118286133,2JHC,0.3624631881713867
CCOC(=O)C1=CC(OCC)=C(N2C=CC=C2)C(OCC)=C1,5,27,0.9270005226135254,2JHC,0.0729994773864746
CCOC(=O)C1=CC(OCC)=C(N2C=CC=C2)C(OCC)=C1,22,25,6.047850608825684,3JHH,0.9521493911743164
CCOC(=O)C1=CC(OCC)=C(N2C=CC=C2)C(OCC)=C1,22,26,6.047850608825684,3JHH,0.9521493911743164
COC1=CC=C(OC)C(C2=CSC(C=O)=N2)=C1,2,20,1.656048059463501,2JHC,0.3560480594635009
COC1=CC=C(OC)C(C2=CSC(C=O)=N2)=C1,2,27,1.656048059463501,2JHC,0.3560480594635009
CC(=O)OC1CC(SC2=CC=CC=C2)OC(C)C1OC(C)=O,4,28,5.633721351623535,3JHC,0.0237213516235348
CC(=O)OC1CC(SC2=CC=CC=C2)OC(C)C1OC(C)=O,25,26,5.977639675140381,3JHH,0.6223603248596188
CC(=O)OC1CC(SC2=CC=CC=C2)OC(C)C1OC(C)=O,25,27,5.977639675140381,3JHH,0.0376396751403804
CC(=O)OC1CC(SC2=CC=CC=C2)OC(C)C1OC(C)=O,25,38,5.977639675140381,3JHH,0.6223603248596188
C#CCOC(=O)CC1=CC=C(OC)C=C1,7,18,3.0094857215881348,2JHC,0.5094857215881348
C#CCOC(=O)CC1=CC=C(OC)C=C1,7,19,3.0094857215881348,2JHC,0.5094857215881348
O=C1NC(=O)C2C(CO)=CC12,1,12,1.912883996963501,3JHC,0.1128839969635009
COC1=CC=C(/C=C/C(=O)OCC2=CC=NC=C2)C=C1OC,25,26,5.533275127410889,3JHH,0.7667248725891112
COC1=CC=C(/C=C/C(=O)OCC2=CC=NC=C2)C=C1OC,27,28,5.533275127410889,3JHH,0.7667248725891112
C[Si](C)(C)C#CC1=CC=CC2=CC=CC=C12,6,25,0.7095749378204346,2JHC,0.3904250621795655
C[Si](C)(C)C#CC1=CC=CC2=CC=CC=C12,7,26,0.7095749378204346,2JHC,0.0204250621795654
CCOC(=O)C1OC2=C(C(C)=NN2)C1C1=CC=CS1,7,24,4.956767559051514,3JHC,0.356767559051514
CCOC(=O)C1OC2=C(C(C)=NN2)C1C1=CC=CS1,7,29,4.956767559051514,3JHC,0.356767559051514
CCOC(=O)C1OC2=C(C(C)=NN2)C1C1=CC=CS1,19,22,6.036376476287842,3JHH,0.5636235237121578
C=CCOC(=O)N(CC=C)CC(N)C1=NC(C(=O)OC)=CS1,13,32,5.483019828796387,3JHC,0.2830198287963865
CCN(CC)C(=O)C1=CC(Br)=C(CO)N=C1,7,26,0.8959290981292725,2JHC,0.8040709018707275
CCN(CC)C(=O)C1=CC(Br)=C(CO)N=C1,7,30,0.8959290981292725,2JHC,0.8040709018707275
CCN(CC)C(=O)C1=CC(Br)=C(CO)N=C1,8,30,4.94118595123291,3JHC,0.2411859512329099
CCN(CC)C(=O)C1=CC(Br)=C(CO)N=C1,9,27,4.94118595123291,3JHC,0.2411859512329099
C=CCOC1OC(CN=[N+]=[N-])C2OC3(CCCC3)OC12,0,23,2.408123731613159,3JHC,0.4081237316131592
C=CCOC1OC(CN=[N+]=[N-])C2OC3(CCCC3)OC12,0,24,2.408123731613159,3JHC,0.5918762683868408
C=CCOC1OC(CN=[N+]=[N-])C2OC3(CCCC3)OC12,2,20,4.494628429412842,3JHC,0.4946284294128418
C=CCOC1OC(CN=[N+]=[N-])C2OC3(CCCC3)OC12,20,22,4.905832290649414,3JHH,0.0941677093505859
C=CCOC1OC(CN=[N+]=[N-])C2OC3(CCCC3)OC12,21,22,4.905832290649414,3JHH,0.0941677093505859
CC1=CC(CCC(=O)N2SC3=C(C=CC=C3)C2=O)=CC=C1,16,29,7.170958995819092,3JHC,0.8290410041809082
O=C(NC1=CC=C(NC2=CC=CC=C2)C=C1)C1=CC=C([N+](=O)[O-])O1,8,27,2.9168601036071777,2JHC,0.3831398963928221
O=C(NC1=CC=C(NC2=CC=CC=C2)C=C1)C1=CC=C([N+](=O)[O-])O1,25,26,4.2622833251953125,3JHH,0.5622833251953123
CCC(C=O)(CC)C(O)CC=CC(=O)OC,1,21,5.700556755065918,3JHC,0.9005567550659181
CC(=CCC1=C(C)C(=O)C2=CC=CC=C2C1=O)CCC1OC1(C)C,0,27,5.684838771820068,3JHC,0.0648387718200682
CC(=CCC1=C(C)C(=O)C2=CC=CC=C2C1=O)CCC1OC1(C)C,27,28,6.031316757202148,3JHH,0.0686832427978512
CC(=CCC1=C(C)C(=O)C2=CC=CC=C2C1=O)CCC1OC1(C)C,27,29,6.031316757202148,3JHH,0.5686832427978512
CC(O)CC(C)OCC1=CCCCCCC1,19,20,6.054415702819824,3JHH,0.1455842971801759
CC(O)CC(C)OCC1=CCCCCCC1,19,21,6.054415702819824,3JHH,0.1455842971801759
CC(C)S(=O)(=O)NC1COCC1OS(C)(=O)=O,17,20,6.040594100952148,3JHH,0.7594058990478514
CC(C)S(=O)(=O)NC1COCC1OS(C)(=O)=O,18,20,6.040594100952148,3JHH,0.7594058990478514
CC(C)S(=O)(=O)NC1COCC1OS(C)(=O)=O,19,20,6.040594100952148,3JHH,0.7594058990478514
CC1OC(=O)C(CC2=CC=CC=C2)C1CO,20,21,6.051966190338135,3JHH,0.1480338096618654
CC(C)(C)OC(=O)NC1CC2(CCC2)C1,24,25,6.0553483963012695,3JHH,0.9446516036987304
CC(C)(C)OC(=O)NC1CC2(CCC2)C1,25,26,6.0553483963012695,3JHH,0.6446516036987306
O=C1CC=C(C2=CC=CC=C2)C2CC=CCN12,11,19,3.780163526535034,3JHC,0.1801635265350341
O=C1CC=C(C2=CC=CC=C2)C2CC=CCN12,11,28,3.780163526535034,3JHC,0.1801635265350341
C#CCSC1=NN=NN1C,0,11,3.5651631355285645,3JHC,0.9651631355285644
C#CCSC1=NN=NN1C,0,12,3.5651631355285645,3JHC,0.9651631355285644
CCCCC1=C(CO)SC(CO)=C1CCCC,0,22,5.700922966003418,3JHC,0.2009229660034179
CCCCC1=C(CO)SC(CO)=C1CCCC,0,23,5.700922966003418,3JHC,0.2009229660034179
C/C=C(/C)C(=O)OC1C2=CC(C(C)=O)=CC=C2OC(C)(C)C1O,8,30,1.087343454360962,2JHC,0.4126565456390381
C/C=C(/C)C(=O)OC1C2=CC(C(C)=O)=CC=C2OC(C)(C)C1O,8,36,4.9837188720703125,3JHC,0.7837188720703123
ClC1=NN(C2=CC=CN=C2)C=C1,1,16,4.859951019287109,3JHC,0.0599510192871095
OC1=NC2=C(C=CC=C2)C(C2=CC=CC=C2)=N1,5,19,2.339123249053955,2JHC,0.9391232490539552
CC1=CC=CC2=C1C=C(C1=CC=CC=C1)NC2=O,16,23,7.184140682220459,3JHC,0.5158593177795412
CC1=CC=CC2=C1C=C(C1=CC=CC=C1)NC2=O,22,23,6.028521537780762,3JHH,0.5714784622192379
N#CC1=CC2=CC(F)=CC=C2OC1=O,12,14,6.5713067054748535,3JHC,0.7286932945251463
CC(OC(N)=O)C(O)C1=C(Cl)C=CC=C1,8,18,4.942834854125977,3JHC,0.1428348541259767
CC(OC(N)=O)C(O)C1=C(Cl)C=CC=C1,8,21,0.9040262699127196,2JHC,0.6959737300872805
CC(OC(N)=O)C(O)C1=C(Cl)C=CC=C1,15,18,6.054291725158691,3JHH,0.3457082748413089
CC1=CC2=NC3=C(N(CC4=CC=CC=C4)C4=C3C=CC=C4)N2C=C1,30,31,5.998813152313232,3JHH,0.901186847686768
CC1=CC2=NC3=C(N(CC4=CC=CC=C4)C4=C3C=CC=C4)N2C=C1,31,32,5.998813152313232,3JHH,0.7011868476867678
NC1=CC=C2C=CC(NC(=O)CCl)=C(F)C2=C1F,1,18,1.7741649150848389,2JHC,0.7741649150848389
O=C(NN=CC1=CC=CN=C1)C1=CC2=CC=CC=C2N1,22,23,4.28120756149292,3JHH,0.21879243850708
C#CCCCC1CC1OC(C)=O,0,13,3.564772844314575,3JHC,0.864772844314575
C#CCCCC1CC1OC(C)=O,9,22,1.867212057113648,3JHC,0.7327879428863524
CN(C)S(=O)(=O)C1=CC=C2NC(=O)/C(=C\C3=CC=CN3)C2=C1,6,28,1.2134370803833008,2JHC,0.4865629196166992
CN(C)S(=O)(=O)C1=CC=C2NC(=O)/C(=C\C3=CC=CN3)C2=C1,11,31,3.2083866596221924,3JHC,0.9083866596221926
CN(C)S(=O)(=O)C1=CC=C2NC(=O)/C(=C\C3=CC=CN3)C2=C1,13,30,3.2083866596221924,3JHC,0.4916133403778078
CN(C)S(=O)(=O)C1=CC=C2NC(=O)/C(=C\C3=CC=CN3)C2=C1,13,36,3.2083866596221924,3JHC,0.8916133403778073
COC1=CC=CC(N2C=C3C=CC=CC3=N2)=C1,2,20,1.6747229099273682,2JHC,0.6747229099273682
COC1=CC=CC(N2C=C3C=CC=CC3=N2)=C1,2,28,1.6747229099273682,2JHC,0.525277090072632
O=CC1=CC2=CC=CC=C2OC1C1=CC=CC=C1,1,19,1.9136416912078853,3JHC,0.8136416912078854
O=CC1=CC2=CC=CC=C2OC1C1=CC=CC=C1,1,24,1.9136416912078853,3JHC,0.3136416912078854
O=CC1=CC2=CC=CC=C2OC1C1=CC=CC=C1,3,18,1.9136416912078853,3JHC,0.3136416912078854
O=C1C2C3C(=O)C45C=CC=CC14C1C2C2(CC2)C3C15,1,20,1.904211044311524,3JHC,0.4042110443115236
C[Si](C)(C)C#CC1=CC=NC(Cl)=N1,6,23,4.877294063568115,3JHC,0.1227059364318847
C[Si](C)(C)C#CC1=CC=NC(Cl)=N1,10,23,4.877294063568115,3JHC,0.1227059364318847
O=C1C2=CC=CC=C2OCC1C1=CC=CC=C1Cl,2,24,5.634453773498535,3JHC,0.8655462265014648
CCCCC1O[Si](C)(C)C2=C1C=CC=C2,15,18,6.054462432861328,3JHH,0.945537567138672
CCCCC1O[Si](C)(C)C2=C1C=CC=C2,16,18,6.054462432861328,3JHH,0.945537567138672
CC1=C(Cl)C=C2C(=C1Cl)OCC(=O)N2CCCCl,24,27,6.023438453674316,3JHH,0.1765615463256837
COC(=O)C1CC2=C3C(=C([N+](=O)[O-])C(OC)=C2)CCCN3C1,25,26,5.575723648071289,3JHH,0.0242763519287105
COC(=O)C1CC2=C3C(=C([N+](=O)[O-])C(OC)=C2)CCCN3C1,25,27,5.575723648071289,3JHH,0.9242763519287108
O=C(O)C(O)CCCC1=CC=C(C2=CC=CC=C2)C=C1,8,25,5.643898963928223,3JHC,0.3561010360717773
O=C(O)C(O)CCCC1=CC=C(C2=CC=CC=C2)C=C1,8,26,5.643898963928223,3JHC,0.7561010360717777
O=[N+]([O-])C1=CC=CC=C1CNC1=C2C=NNC2=CC=C1,4,22,5.614792823791504,3JHC,0.2852071762084964
C=CC(C(C)O)C(CO)CC1=CC=CC=C1,11,35,5.479522705078125,3JHC,0.7204772949218752
O=C(NCC1CCCCC1)C1=CC=CC=N1,11,32,5.64054012298584,3JHC,0.9594598770141598
O=C(NCC1CCCCC1)C1=CC=CC=N1,16,17,4.226197719573975,3JHH,0.0738022804260252
CCCCCOCC1=CC(=O)C2=CC(C(F)(F)F)=CC=C2N1,7,33,0.9127817153930664,2JHC,0.6872182846069337
CCCCCOCC1=CC(=O)C2=CC(C(F)(F)F)=CC=C2N1,22,25,6.052778720855713,3JHH,0.8472212791442875
CCCCCOCC1=CC(=O)C2=CC(C(F)(F)F)=CC=C2N1,22,26,6.052778720855713,3JHH,0.5472212791442868
COC(=O)C1=CSC(C(O)C(C)C)=N1,7,17,5.076882839202881,3JHC,0.3768828392028807
COC(=O)C1=CSC(C(O)C(C)C)=N1,18,19,5.845634460449219,3JHH,0.9543655395507812
COC(=O)C1=CSC(C(O)C(C)C)=N1,18,20,5.845634460449219,3JHH,0.9543655395507812
CN1C=NC2=CC(C#N)=CC=C21,6,16,1.4897031784057615,2JHC,0.6897031784057615
CC(=O)OCCCCCC1=C2C(=CC=C1)CCN2C1=NC=CC=N1,1,27,3.242826223373413,3JHC,0.7571737766265869
CC(=O)OCCCCCC1=C2C(=CC=C1)CCN2C1=NC=CC=N1,1,28,3.242826223373413,3JHC,0.7571737766265869
CC(C(=O)CCCCCC1=CC=CC=C1)[N+](=O)[O-],2,18,3.3093955516815186,3JHC,0.1093955516815183
O=C1CCCN1C1=CC=CS1,2,15,3.749685049057007,3JHC,0.0496850490570066
O=C1CCCN1C1=CC=CS1,6,15,5.6289381980896,3JHC,0.1289381980895996
O=C1CCCN1C1=CC=CS1,6,16,5.6289381980896,3JHC,0.1289381980895996
C[Si](C)(C)C#CCCCCN,20,22,6.100574970245361,3JHH,0.4994250297546383
ClCCCC1=CC(Cl)=C(Cl)C(Cl)=C1Cl,14,16,6.054785251617432,3JHH,0.2352147483825684
CC(=O)C1=CC2=C(C=CC(C(=O)O)=C2)S1,3,18,0.9503626823425292,2JHC,0.0496373176574708
O=C1COC2=C1C=C(Cl)C=N2,5,13,2.977624654769897,2JHC,0.3776246547698969
O=C1COC2=C1C=C(Cl)C=N2,7,13,2.977624654769897,2JHC,0.3776246547698969
CCSC1=CN=CC(Cl)=C1,3,13,4.950351238250732,3JHC,0.050351238250732
CCSC1=CN=CC(Cl)=C1,11,13,6.044188499450684,3JHH,0.9558115005493164
CCSC1=NC(CO)CS1,5,18,5.697932243347168,3JHC,0.0020677566528322
CCSC1=NC(CO)CS1,6,19,5.697932243347168,3JHC,0.8979322433471681
CC=CC(C)(C)CO,9,11,5.989762306213379,3JHH,0.2302376937866208
O=CC1=CC=C(N(C2=NC=CC=C2)C2=NC=CC=C2)S1,2,22,5.631479740142822,3JHC,0.6314797401428223
O=CC1=CC=C(N(C2=NC=CC=C2)C2=NC=CC=C2)S1,21,22,4.2548112869262695,3JHH,0.2451887130737304
O=CC1=CC=C(N(C2=NC=CC=C2)C2=NC=CC=C2)S1,23,24,4.2548112869262695,3JHH,0.2451887130737304
C#CCOC1=CC=CC2=C1C=CC=C2,4,17,3.0142247676849365,2JHC,0.7142247676849367
C#CCOC1=CC=CC2=C1C=CC=C2,5,18,3.0142247676849365,2JHC,0.7142247676849367
CC(C)(C)OC(=O)NCCC1=CC2=C(C=C1)C=NN2,28,29,6.054634094238281,3JHH,0.6453659057617189
COC1=C(C(=O)C=CC2=CC=CC=C2)C(O)=CC(O)=C1,2,33,1.74570894241333,2JHC,0.2542910575866699
COC1=C(C(=O)C=CC2=CC=CC=C2)C(O)=CC(O)=C1,8,24,1.74570894241333,2JHC,0.2542910575866699
C1=CC=C(C2=NOC3C4=CC=CC=C4CCN23)C=C1,0,31,5.341203212738037,3JHC,0.2587967872619625
O=[N+]([O-])C1=CC(Br)=CC=C1,3,10,2.899250030517578,2JHC,0.8992500305175781
CCOC(CCCCCCC=CCCO)OCC,1,23,5.698175430297852,3JHC,0.1018245697021482
CCOC(CCCCCCC=CCCO)OCC,18,22,6.049263000488281,3JHH,0.8507369995117191
CCN(CC)C1=CC=C2C=CC(=O)OC2=C1,17,20,6.050959587097168,3JHH,0.7490404129028319
CCN(CC)C1=CC=C2C=CC(=O)OC2=C1,18,19,6.050959587097168,3JHH,0.7490404129028319
CNC(=O)OCC1=CC(C(=O)OC)=CC=C1[N+](=O)[O-],6,30,5.12202787399292,3JHC,0.2220278739929195
CN1C=CN=C1C1=CC=C2C(=O)C=C(C3=CC=CC=C3)OC2=C1,10,30,0.8126019239425659,2JHC,0.2126019239425659
CN1C(=O)C2=CC3=C(C=C2C2=C1C=CC=C2)OCO3,2,19,7.1249589920043945,3JHC,0.6750410079956053
CN1C(=O)C2=CC3=C(C=C2C2=C1C=CC=C2)OCO3,2,20,7.1249589920043945,3JHC,0.6750410079956053
CN1C(=O)C2=CC3=C(C=C2C2=C1C=CC=C2)OCO3,2,21,7.1249589920043945,3JHC,0.6750410079956053
CN1C(=O)C2=CC3=C(C=C2C2=C1C=CC=C2)OCO3,2,22,7.1249589920043945,3JHC,0.6750410079956053
CC1=C(C2=CC=C(F)C=C2)C=C(C(N)=O)C=C1,1,24,4.959460258483887,3JHC,0.0405397415161132
CCCCCOC(=O)C1=C(C)C=CC=C1,15,19,6.049760341644287,3JHH,0.0497603416442871
CCCCCOC(=O)C1=C(C)C=CC=C1,16,18,6.049760341644287,3JHH,0.0497603416442871
CCCCC1NN=C2C(Cl)=CC=CN2C1=N,0,21,5.699951171875,3JHC,0.7999511718749996
CCCCC1NN=C2C(Cl)=CC=CN2C1=N,16,20,6.051748275756836,3JHH,0.948251724243164
C1=CC=C(C2=NCCO2)N=C1,11,12,5.283634185791016,3JHH,0.7836341857910156
CCOC(=O)C=CCCCOCC1=CC=CC=C1,19,21,6.053584098815918,3JHH,0.2464159011840818
ClC1=CC=NC2=CC=CC=C12,1,11,0.7695910930633545,2JHC,0.7304089069366455
ClC1=CC=NC2=CC=CC=C12,1,12,4.8499040603637695,3JHC,0.0499040603637697
ClC1=CC=NC2=CC=CC=C12,1,16,4.8499040603637695,3JHC,0.1500959396362304
COC1=CC=C(C2=CC(C)=C(C3=CC(C)=CC=C3)C=C2)C(C=O)=C1,21,43,2.8863964080810547,3JHC,0.1863964080810545
C=CCN1C2=CC=CC=C2C=CC2=C1C=CC=C2,2,18,4.416311264038086,3JHC,0.4163112640380859
CCOC(=O)C=CCC1=CC=CC=C1,14,18,6.043384552001953,3JHH,0.7566154479980467
CCOC(=O)C=CCC1=CC=CC=C1,15,17,6.043384552001953,3JHH,0.9566154479980468
COC1=CC2=C(C(OC)=C1)C1CCC(=O)N1CC2,13,26,2.888108015060425,3JHC,0.4881080150604249
COC1=CC2=C(C(OC)=C1)C1CCC(=O)N1CC2,13,27,2.888108015060425,3JHC,0.4881080150604249
C#CCN1C(C2=CC=CC=C2)=NC(C#C)=C(CC)C1=O,5,23,3.018219470977783,2JHC,0.7182194709777834
C#CCN1C(C2=CC=CC=C2)=NC(C#C)=C(CC)C1=O,5,27,3.018219470977783,2JHC,0.7182194709777834
C#CCN1C(C2=CC=CC=C2)=NC(C#C)=C(CC)C1=O,18,21,6.600916862487793,3JHC,0.6990831375122069
C=CC1(C)CCC(C(=C)C)C(O)C1C(=C)C,1,19,2.3905458450317383,3JHC,0.7094541549682618
C=CC1(C)CCC(C(=C)C)C(O)C1C(=C)C,22,24,4.882145881652832,3JHH,0.0821458816528322
C1=CC=C(C2=NC(N3CCOCC3)=NC3=C2N2CCC3CC2)C=C1,8,33,4.904058456420898,3JHC,0.2040584564208982
C1=CC=C(C2=NC(N3CCOCC3)=NC3=C2N2CCC3CC2)C=C1,8,34,4.904058456420898,3JHC,0.1040584564208986
CC(C)OC1=CC=C(C2=NC=C(C(=O)O)C=N2)C=C1C#N,0,25,5.700563907623291,3JHC,0.200563907623291
CC(C)OC1=CC=C(C2=NC=C(C(=O)O)C=N2)C=C1C#N,22,24,6.054502487182617,3JHH,0.0545024871826171
CC(C)(CN1CCC(CCO)CC1)SN=O,24,26,6.050797462463379,3JHH,0.5492025375366207
COC1=C(OC)C=C2C(=O)CCCC2=C1,22,24,5.533202648162842,3JHH,0.4667973518371582
COC1=C(OC)C=C2C(=O)CCCC2=C1,22,25,5.533202648162842,3JHH,0.8667973518371586
COC1=CC2=C(C=CC=C2)C=C1CO,20,21,5.584731578826904,3JHH,0.9152684211730956
CNC1=CC=CC=N1,2,8,5.144726753234863,3JHC,0.7447267532348629
CNC1=CC=CC=N1,8,11,5.675128936767578,3JHH,0.3248710632324219
CC(C)CNC(=O)C1=CC=C([N+](=O)[O-])C=C1Br,17,20,6.056976795196533,3JHH,0.1569767951965328
CC(C)CNC(=O)C1=CC=C([N+](=O)[O-])C=C1Br,20,21,6.056976795196533,3JHH,0.7430232048034666
CC(C)CNC(=O)C1=CC=C([N+](=O)[O-])C=C1Br,20,23,6.056976795196533,3JHH,0.643023204803467
CC1OC(OC2C=CCOC2OCC2=CC=CC=C2)C=CC1O,6,31,3.31296968460083,3JHC,0.5870303153991698
CC1OC(OC2C=CCOC2OCC2=CC=CC=C2)C=CC1O,13,34,0.8940556049346924,2JHC,0.9059443950653076
CC1OC(OC2C=CCOC2OCC2=CC=CC=C2)C=CC1O,29,30,6.0548248291015625,3JHH,0.2451751708984373
CCCNC1=CN=C(C(=O)NC2=CC=C(O)C=C2)C=N1,0,25,5.698805809020996,3JHC,0.0988058090209964
CCCNC1=CN=C(C(=O)NC2=CC=C(O)C=C2)C=N1,4,27,0.9213831424713136,2JHC,0.4786168575286863
CCCNC1=CN=C(C(=O)NC2=CC=C(O)C=C2)C=N1,4,28,0.9213831424713136,2JHC,0.4786168575286863
CC1CCCC=CC2CCC(O)C(CC(=O)O1)O2,18,21,6.0510735511779785,3JHH,0.7489264488220213
[N-]=[N+]=NC1=C(C2=CC=CO2)C(Cl)=NC=N1,3,18,5.700295925140381,3JHC,0.7002959251403809
[N-]=[N+]=NC1=C(C2=CC=CO2)C(Cl)=NC=N1,5,15,3.171990871429444,2JHC,0.1719908714294438
[N-]=[N+]=NC1=C(C2=CC=CO2)C(Cl)=NC=N1,15,16,4.048863410949707,3JHH,0.048863410949707
CCOC(=O)/C=C(/C)NC(N)=O,12,15,6.044516563415527,3JHH,0.9554834365844728
CC(C(=O)O)C1=CC=C(Br)C=C1,14,15,6.054617881774902,3JHH,0.9453821182250975
COC1=CC=C(C2=CC(=O)C3=C(OC)C=C(OC)C=C3O2)C=C1,2,26,1.6986842155456543,2JHC,0.6013157844543455
COC1=CC=C(C2=CC(=O)C3=C(OC)C=C(OC)C=C3O2)C=C1,2,38,1.6986842155456543,2JHC,0.6013157844543455
ON=C1CSC2=C1C=CC1=CC=CN=C21,2,15,2.6770310401916504,3JHC,0.9229689598083496
ON=C1CSC2=C1C=CC1=CC=CN=C21,2,18,2.6770310401916504,3JHC,0.9229689598083496
ON=C1CSC2=C1C=CC1=CC=CN=C21,6,18,1.998749017715454,2JHC,0.398749017715454
ON=C1CSC2=C1C=CC1=CC=CN=C21,7,19,1.998749017715454,2JHC,0.398749017715454
ON=C1CSC2=C1C=CC1=CC=CN=C21,8,18,1.998749017715454,2JHC,0.398749017715454
C1=CSC(C2=CN3C=CC=CC3=N2)=C1,14,15,5.129777908325195,3JHH,0.1297779083251953
CCOP(=O)(C1=CC=CC=C1)C1=CC(C)=CC=C1C,19,23,6.044788837432861,3JHH,0.9552111625671388
CCOP(=O)(C1=CC=CC=C1)C1=CC(C)=CC=C1C,20,22,6.044788837432861,3JHH,0.9552111625671388
CC(C)(C)OC(=O)C1(CCCCCl)CC1,24,26,6.054558753967285,3JHH,0.5454412460327145
CC(C)(C)OC(=O)C1(CCCCCl)CC1,24,27,6.054558753967285,3JHH,0.7454412460327147
CC(C)(C)OC(=O)C1(CCCCCl)CC1,25,26,6.054558753967285,3JHH,0.5454412460327145
CC(C)(C)OC(=O)C1(CCCCCl)CC1,25,27,6.054558753967285,3JHH,0.5454412460327145
C#CCOC1CN(CC2=CC=CC=C2)CC1N=[N+]=[N-],9,28,3.018542766571045,2JHC,0.5185427665710449
CCCCCCCCCCC(=O)NO,14,18,6.0524444580078125,3JHH,0.7475555419921873
N#CC1=CC=C(OC2=NC=CN=C2)C=C1,2,15,3.126085996627808,2JHC,0.7260859966278082
N#CC1=CC=C(OC2=NC=CN=C2)C=C1,2,21,3.126085996627808,2JHC,0.7260859966278082
CCOCOC1=C2C=COC2=CC(C=O)=C1,7,24,0.926314115524292,2JHC,0.2736858844757079
CCOCOC1=C2C=COC2=CC(C=O)=C1,8,23,0.926314115524292,2JHC,0.2736858844757079
CC(=O)C1=CC=C(OCCCN=[N+]=[N-])C=C1,19,20,5.946797847747803,3JHH,0.2532021522521974
CC(=O)C1=CC=C(OCCCN=[N+]=[N-])C=C1,21,23,5.946797847747803,3JHH,0.7532021522521974
CC(=O)C1=CC=C(OCCCN=[N+]=[N-])C=C1,21,24,5.946797847747803,3JHH,0.4532021522521976
CCC1=C(C)N(C(C)C2=CC=CC=C2)C=[N+]1[O-],17,21,6.0555033683776855,3JHH,0.9444966316223145
CCC1=C(C)N(C(C)C2=CC=CC=C2)C=[N+]1[O-],18,20,6.0555033683776855,3JHH,0.9444966316223145
O=C1OC2=CC=CC=C2C(NC2=CC=C3C=NNC3=C2)=C1[N+](=O)[O-],11,30,1.9105455875396729,3JHC,0.4105455875396728
O=C1OC2=CC=CC=C2C(NC2=CC=C3C=NNC3=C2)=C1[N+](=O)[O-],12,33,1.9105455875396729,3JHC,0.2105455875396729
C#CCC(CC#CC1=CC=CC=C1C=O)(C(=O)OC)C(=O)OC,7,28,3.0029542446136475,2JHC,0.3029542446136473
C#CCC(CC#CC1=CC=CC=C1C=O)(C(=O)OC)C(=O)OC,8,29,3.0029542446136475,2JHC,0.3029542446136473
C#CCC(CC#CC1=CC=CC=C1C=O)(C(=O)OC)C(=O)OC,13,31,1.873251676559448,3JHC,0.573251676559448
CC(C)OC(=O)C1=CC(F)=C(F)C(C2=CC=CC=C2)=N1,21,23,6.052054405212402,3JHH,0.2479455947875974
CC(C)OC(=O)C1=CC(F)=C(F)C(C2=CC=CC=C2)=N1,22,23,6.052054405212402,3JHH,0.2479455947875974
CCCCOCCOCCOC1=CC2=C(C=C1C(C)=O)OCO2,11,38,4.947562217712402,3JHC,0.1475622177124025
CCCCOCCOCCOC1=CC2=C(C=C1C(C)=O)OCO2,11,39,4.947562217712402,3JHC,0.1475622177124025
CCSC1=NC(C2=CC=C3OCOC3=C2)=C(C#N)C(=O)N1,21,24,6.04927396774292,3JHH,0.0492739677429199
CCSC1=NC(C2=CC=C3OCOC3=C2)=C(C#N)C(=O)N1,21,25,6.04927396774292,3JHH,0.0492739677429199
O=[N+]([O-])C1=CC=C(OCCC2=CC=CN=C2)C=C1,3,19,5.623485565185547,3JHC,0.4765144348144527
O=[N+]([O-])C1=CC=C(OCCC2=CC=CN=C2)C=C1,3,28,5.623485565185547,3JHC,0.4765144348144527
O=[N+]([O-])C1=CC=C(OCCC2=CC=CN=C2)C=C1,18,19,4.279565334320068,3JHH,0.1795653343200687
COC1=CC(C2=CC=C(C#N)C=C2)=NNC1=O,15,20,7.021289825439453,3JHC,0.9787101745605468
CNC(=O)C=NSC1=CC=CC=C1[N+](=O)[O-],7,21,1.522667646408081,2JHC,0.522667646408081
CNC(=O)C=NSC1=CC=CC=C1[N+](=O)[O-],7,22,5.138444900512695,3JHC,0.1615550994873045
CNC(=O)C=NSC1=CC=CC=C1[N+](=O)[O-],8,22,1.522667646408081,2JHC,0.522667646408081
CNC(=O)C=NSC1=CC=CC=C1[N+](=O)[O-],9,21,1.522667646408081,2JHC,0.522667646408081
CNC(=O)C=NSC1=CC=CC=C1[N+](=O)[O-],9,23,1.522667646408081,2JHC,0.522667646408081
CC1CCCN1CCC1=CC2=CC(Br)=CC=C2N1,19,21,6.054610252380371,3JHH,0.145389747619629
CCOC(=O)C1=CC2=CC(N)=CC=C2N1,5,20,0.9207053184509276,2JHC,0.1207053184509275
CCOC(=O)C1=CC2=CC(N)=CC=C2N1,5,26,0.9207053184509276,2JHC,0.2207053184509276
CCOC(=O)C1=CC2=CC(N)=CC=C2N1,9,21,0.9207053184509276,2JHC,0.2207053184509276
CCOC(=O)C1=CC2=CC(N)=CC=C2N1,9,22,0.9207053184509276,2JHC,0.2207053184509276
C#CCCC(=O)NCC=C,4,11,1.8638203144073489,3JHC,0.1361796855926511
CCCCCCC(O)C#CC1(C)CCC(CO)C1(C)C,0,25,5.700550079345703,3JHC,0.1005500793457034
CCCCCCC(O)C#CC1(C)CCC(CO)C1(C)C,20,23,6.052935600280762,3JHH,0.5470643997192379
CCCCCCC(O)C#CC1(C)CCC(CO)C1(C)C,21,23,6.052935600280762,3JHH,0.8470643997192386
CC1=CC=CC2=NN(C3=CC=CC=C3)C(CC3=CC=CC=C3)=C12,26,27,5.994473934173584,3JHH,0.4055260658264163
NCCNC1=CC=C(OC(F)(F)F)C=C1,16,17,5.898787498474121,3JHH,0.1012125015258789
NCCNC1=CC=C(OC(F)(F)F)C=C1,16,18,5.898787498474121,3JHH,0.1012125015258789
NC1=CC=CC(NC2=NC=CC=N2)=C1,1,14,1.8161416053771973,2JHC,0.0838583946228026
NC1=CC=CC(NC2=NC=CC=N2)=C1,1,17,5.268552303314209,3JHC,0.4685523033142091
NC1=CC=CC(NC2=NC=CC=N2)=C1,2,14,5.268552303314209,3JHC,0.4685523033142091
C#CCCCCC(C)C(=O)NCCCCC1NC(=O)C=C1OC,8,30,1.867642879486084,3JHC,0.5323571205139159
COC1=NC(C(C)C)C(OC)=NC1CC1=CNC2=NC=CC=C12,14,37,5.146852493286133,3JHC,0.7468524932861325
COC1=NC(C(C)C)C(OC)=NC1CC1=CNC2=NC=CC=C12,14,41,5.146852493286133,3JHC,0.346852493286133
COC(=O)C1(C(=O)OC)CC1C1=CC=CC2=C1C(CO)=CN2C,11,29,5.1542253494262695,3JHC,0.1542253494262695
COC(=O)C1(C(=O)OC)CC1C1=CC=CC2=C1C(CO)=CN2C,11,30,5.1542253494262695,3JHC,0.1542253494262695
COC(=O)C#CC1=CC=CC(OC)=C1,6,17,1.6368741989135742,2JHC,0.4368741989135742
COC(=O)C#CC1=CC=CC(OC)=C1,6,23,1.6368741989135742,2JHC,0.4368741989135742
CC=CC(=O)OC1C=CC(=O)C(O)CCC(=O)OC1C,0,24,5.61034107208252,3JHC,0.1103410720825204
CC=CC(=O)OC1C=CC(=O)C(O)CCC(=O)OC1C,20,23,5.94729471206665,3JHH,0.0527052879333496
CC=CC(=O)OC1C=CC(=O)C(O)CCC(=O)OC1C,21,23,5.94729471206665,3JHH,0.95270528793335
NC1=NC(F)=NC2=C1N=CN2C1CC(O)C(CO)O1,11,21,4.793822288513184,3JHC,0.0061777114868162
NC1=NC(F)=NC2=C1N=CN2C1CC(O)C(CO)O1,11,25,4.793822288513184,3JHC,0.0061777114868162
NC1=NC(F)=NC2=C1N=CN2C1CC(O)C(CO)O1,22,23,5.166685104370117,3JHH,0.0333148956298829
NC1=NC(F)=NC2=C1N=CN2C1CC(O)C(CO)O1,22,24,5.166685104370117,3JHH,0.0333148956298829
C=CCC1=C(O)C(OC)=CC=C1C#N,3,16,5.482481956481934,3JHC,0.9175180435180668
C=CC1CC(=O)C=C(C)C1,0,13,2.390779972076416,3JHC,0.990779972076416
CC(=NNC(=S)N1CCCC1)C1=CC2=C(C=CC=C2)OC1=O,20,34,7.190302848815918,3JHC,0.0096971511840822
CC(=NNC(=S)N1CCCC1)C1=CC2=C(C=CC=C2)OC1=O,26,28,6.044813632965088,3JHH,0.8551863670349125
O=[N+]([O-])C1=CN=C2C(Br)=CC(Cl)=CN12,3,16,1.9309394359588623,3JHC,0.1309394359588622
NC1=NN2CCC(=O)NC2=C1N=NC1=CC=CC=C1,9,21,5.490396499633789,3JHC,0.5096035003662109
NC1=NN2CCC(=O)NC2=C1N=NC1=CC=CC=C1,9,22,5.490396499633789,3JHC,0.5096035003662109
COC(=O)C1=CC=C(C(=O)OC)N(OCC2=CC=CC=C2)C1=O,21,26,7.04948091506958,3JHC,0.3505190849304203
COC(=O)C1=CC=C(C(=O)OC)N(OCC2=CC=CC=C2)C1=O,26,27,5.615784645080566,3JHH,0.6842153549194334
CC(C)(CO)NC(=O)C1=NC(Br)=CC=C1,0,19,5.692938804626465,3JHC,0.7070611953735355
CC(C)(CO)NC(=O)C1=NC(Br)=CC=C1,26,27,6.050994396209717,3JHH,0.3490056037902835
CCCCCC(C=O)C(NC1=CC=C(OC)C=C1)C(=O)OCC,6,32,3.30373215675354,3JHC,0.90373215675354
CCCCCC(C=O)C(NC1=CC=C(OC)C=C1)C(=O)OCC,10,37,0.914409637451172,2JHC,0.6855903625488281
CCCCCC(C=O)C(NC1=CC=C(OC)C=C1)C(=O)OCC,23,26,6.0524420738220215,3JHH,0.7475579261779783
CCCCCC(C=O)C(NC1=CC=C(OC)C=C1)C(=O)OCC,24,26,6.0524420738220215,3JHH,0.3475579261779788
OCCCCOCCCCCl,11,12,5.535001754760742,3JHH,0.164998245239258
OCCCCOCCCCCl,11,13,5.535001754760742,3JHH,0.9649982452392578
CC1=CC=C(C(C)O)C=C1Br,14,15,6.008598327636719,3JHH,0.3914016723632816
CC1=CC=C(C(C)O)C=C1Br,16,17,6.008598327636719,3JHH,0.3914016723632816
OCC1=NC2=C(C=CC=C2)S1,6,16,5.231639385223389,3JHC,0.2683606147766113
OCC1=NC2=C(C=CC=C2)S1,11,12,5.514484405517578,3JHH,0.0144844055175781
OCC1=C(I)C=C(Cl)C=C1,10,11,5.602962493896484,3JHH,0.5970375061035158
OCC1=C(I)C=C(Cl)C=C1,10,12,5.602962493896484,3JHH,0.5970375061035158
NNC1=C2CCCCC2=NC2=C1C=CC(Cl)=C2,2,19,1.7889065742492676,2JHC,0.7889065742492676
NNC1=C2CCCCC2=NC2=C1C=CC(Cl)=C2,3,20,1.7889065742492676,2JHC,0.0889065742492676
NC(=NO)C1=CC2=C(C=CC=C2)N1,4,16,2.236521482467652,2JHC,0.6365214824676517
C=CCC(C)C(CC=O)O[Si](C)(C)C(C)(C)C,0,20,2.364795446395874,3JHC,0.8352045536041262
C=CCC(C)C(CC=O)O[Si](C)(C)C(C)(C)C,19,20,4.847512722015381,3JHH,0.952487277984619
CCCCCCCC(CCC=O)O[Si](C)(C)C(C)(C)C,10,36,3.301754951477051,3JHC,0.7982450485229489
CCCCCCCC(CCC=O)O[Si](C)(C)C(C)(C)C,10,37,3.301754951477051,3JHC,0.6017549514770506
CC(C)(C)OC(=O)CN(CCF)CC1=CC(F)=CC(C#N)=C1,14,37,4.9402289390563965,3JHC,0.6402289390563967
CC(C)(C)OC(=O)CN(CCF)CC1=CC(F)=CC(C#N)=C1,14,38,4.9402289390563965,3JHC,0.6402289390563967
CC(C)(C)OC(=O)CN(CCF)CC1=CC(F)=CC(C#N)=C1,14,40,4.9402289390563965,3JHC,0.6402289390563967
CCOC1=C(OC)C=CC(C(CC#N)C2=CC=CC=C2)=C1,21,25,6.054560661315918,3JHH,0.945439338684082
CCOC1=C(OC)C=CC(C(CC#N)C2=CC=CC=C2)=C1,22,25,6.054560661315918,3JHH,0.945439338684082
CCCCC(=O)OC1=CC=C2C(=C1)C1=CC=NC3=C1N2C(=O)C=C3,7,34,4.945225238800049,3JHC,0.0547747611999511
CCCCC(=O)OC1=CC=C2C(=C1)C1=CC=NC3=C1N2C(=O)C=C3,8,35,4.945225238800049,3JHC,0.0547747611999511
CCOC(=O)C1=CC(N2C(C)=NC3=CC=CC=C32)=CS1,22,23,6.047900199890137,3JHH,0.8520998001098636
CCOC(=O)C1=CC(N2C(C)=NC3=CC=CC=C32)=CS1,22,24,6.047900199890137,3JHH,0.9520998001098632
CCOP(=O)(OCC)C1C(=O)OC2CCCC21,8,28,5.694299697875977,3JHC,0.1942996978759765
CCOP(=O)(OCC)C1C(=O)OC2CCCC21,9,28,3.2931549549102783,3JHC,0.2931549549102783
CCOC(=O)C1(CCCCCl)CCC1,14,18,6.048374652862549,3JHH,0.751625347137451
CCCC(COC1=CC(C(O)CC#N)=CC=C1)CC(=O)OCC,0,28,5.699483871459961,3JHC,0.1994838714599609
CCCC(COC1=CC(C(O)CC#N)=CC=C1)CC(=O)OCC,24,26,6.054621696472168,3JHH,0.1453783035278322
CCCC(COC1=CC(C(O)CC#N)=CC=C1)CC(=O)OCC,25,27,6.054621696472168,3JHH,0.7453783035278319
CC1=CC(O)=C(C(C)CCC(O)C(C)(C)O)C=C1O,1,41,4.970233917236328,3JHC,0.0297660827636718
CC1=CC(O)=C(C(C)CCC(O)C(C)(C)O)C=C1O,24,25,6.005094051361084,3JHH,0.994905948638916
CC1=CC(O)=C(C(C)CCC(O)C(C)(C)O)C=C1O,24,26,6.005094051361084,3JHH,0.994905948638916
CN1CCCC1CC1=CNC2=C1C=CC=C2F,7,27,1.4302992820739746,2JHC,0.8697007179260252
CC12CC(O)C(CC1=O)C2(C)C,0,15,5.694281101226807,3JHC,0.4942811012268064
CC12CC(O)C(CC1=O)C2(C)C,15,17,6.042769432067871,3JHH,0.9572305679321288
ON=C1CN2CCC1CC2,2,10,2.662656784057617,3JHC,0.4373432159423829
C#CCN(C(=O)CCSC)N1C=C(C2=CC=CN=C2)N=C1C,2,22,3.6376028060913086,3JHC,0.1623971939086912
CC1=CC(C)=CC(OCCOCCOCCN)=C1,2,18,4.971818447113037,3JHC,0.228181552886963
O=C1NN=C(C2=CC=C(Br)C=C2)N2C=CC=C12,1,17,1.086636662483215,2JHC,0.2133633375167849
O=C1NN=C(C2=CC=C(Br)C=C2)N2C=CC=C12,5,21,2.950657844543457,2JHC,0.0506578445434571
OC1=CC=C(Cl)C=C1/C=N/NC(=S)N1CCCC(O)C1,8,23,2.472354888916016,3JHC,0.0276451110839839
CC1CC2(CCC1OC(=O)C(C)(C)C)OCCO2,0,22,5.700314521789551,3JHC,0.8003145217895504
CC1CC2(CCC1OC(=O)C(C)(C)C)OCCO2,18,21,6.054586410522461,3JHH,0.5454135894775387
O=C(C=CN1CCCC1)C1=C(O)C=CC=C1,1,17,1.9472863674163816,3JHC,0.7472863674163817
O=C(C=CN1CCCC1)C1=C(O)C=CC=C1,1,30,1.9472863674163816,3JHC,0.9472863674163816
O=C(C=CN1CCCC1)C1=C(O)C=CC=C1,3,18,1.9472863674163816,3JHC,0.3472863674163815
O=C(C=CN1CCCC1)C1=C(O)C=CC=C1,3,19,1.9472863674163816,3JHC,0.4472863674163816
O=C(C=CN1CCCC1)C1=C(O)C=CC=C1,9,26,5.622425079345703,3JHC,0.9775749206542964
CC(C)(C)C1=CC=C(NC(=S)NCCC2=CC=CC=N2)C=C1,0,25,5.695312976837158,3JHC,0.1046870231628416
CC(C)(C)C1=CC=C(NC(=S)NCCC2=CC=CC=N2)C=C1,9,35,3.324349880218506,3JHC,0.6756501197814941
CC(C)(C)C1=CC=C(NC(=S)NCCC2=CC=CC=N2)C=C1,35,37,6.052743911743164,3JHH,0.052743911743164
C#CCN(CCCCCC(F)C#C)C(=O)OC(C)(C)C,13,21,1.866447925567627,3JHC,0.633552074432373
C=CCC(=CC1=CC=CC=C1)C(=O)OC,5,22,5.4953484535217285,3JHC,0.0953484535217281
O=C(C1=CC=C(C2=NNC3=CC=CC=C23)C=C1)N1CCCC1,2,29,5.628273010253906,3JHC,0.9717269897460934
CCCCCC(O)C1=NC2=CC=CC=C2C=C1Br,19,21,6.05167293548584,3JHH,0.8483270645141605
C1=CC=C2C(C3CCC4(CC3)OCCO4)=CNC2=C1,0,20,1.9273021221160889,2JHC,0.2726978778839113
CCOC1=C(Cl)C([N+](=O)[O-])=CC(C(=O)OC)=C1,3,26,0.923818826675415,2JHC,0.876181173324585
CCOC1=C(Cl)C([N+](=O)[O-])=CC(C(=O)OC)=C1,6,22,0.923818826675415,2JHC,0.876181173324585
CCOC1=C(Cl)C([N+](=O)[O-])=CC(C(=O)OC)=C1,17,20,6.0491437911987305,3JHH,0.9508562088012696
CCOC1=C(Cl)C([N+](=O)[O-])=CC(C(=O)OC)=C1,17,21,6.0491437911987305,3JHH,0.9508562088012696
COC(=O)CC=CC1=CC=CC=C1,7,19,1.5924241542816162,2JHC,0.5024241542816161
C=C(C[Si](C)(C)C)C(=O)OC1CCOC1=O,0,19,2.39346981048584,3JHC,0.2065301895141602
C=C(C[Si](C)(C)C)C(=O)OC1CCOC1=O,7,16,2.39346981048584,3JHC,0.2065301895141602
C=C(C[Si](C)(C)C)C(=O)OC1CCOC1=O,7,18,2.39346981048584,3JHC,0.99346981048584
CC1CC(=O)C2=C(CCCCCCCCC2)C1,17,20,6.0546875,3JHH,0.0453124999999996
O=C1C2=CC=CC=C2SC2=NC3CCCCC3N12,1,18,1.927938222885132,3JHC,0.927938222885132
FC1=CC=C(C2C=CC3CC2C2=CC=CC=C23)C=C1,1,20,5.497242450714111,3JHC,0.2972424507141111
O=C(O)C=CCCC1=C(C2OCCCO2)C=CC=C1,20,21,4.212451457977295,3JHH,0.2124514579772949
CN(C)N=CCC1=CC=CC=C1,0,15,5.563085556030273,3JHC,0.0369144439697262
CN(C)N=CCC1=CC=CC=C1,22,23,5.888027667999268,3JHH,0.0880276679992677
CN1CC=C(C2=CC=CC=C2)C2=C(C1=O)N(C)C=C2,4,22,3.1075448989868164,3JHC,0.3075448989868166
CN1CC=C(C2=CC=CC=C2)C2=C(C1=O)N(C)C=C2,4,23,3.1075448989868164,3JHC,0.3075448989868166
CCC1(O)CC(=O)OCC2=C1C=C([Si](C)(C)C)N=C2OC,21,24,6.054682731628418,3JHH,0.945317268371582
CCC1(O)CC(=O)OCC2=C1C=C([Si](C)(C)C)N=C2OC,21,25,6.054682731628418,3JHH,0.945317268371582
CC(=CCO)CCC1OC1(C)CCC(=O)OC(C)(C)C,23,24,6.036612987518311,3JHH,0.7633870124816884
CC(=CCO)CCC1OC1(C)CCC(=O)OC(C)(C)C,23,25,6.036612987518311,3JHH,0.7633870124816884
CC1=CC=C(CCC(=O)N2SC3=C(C=CC=C3)C2=O)C=C1,17,30,7.176026821136475,3JHC,0.423973178863525
NC1=NC=CC=C1OCC1=CC=CC([N+](=O)[O-])=C1,8,25,4.9339118003845215,3JHC,0.1339118003845216
NC(=O)C=CC1=CC=C(CO)O1,1,15,2.442492961883545,3JHC,0.957507038116455
NC(=O)C=CC1=CC=C(CO)O1,6,15,5.460981845855713,3JHC,0.1390181541442867
NC(=O)C=CC1=CC=C(CO)O1,7,18,5.460981845855713,3JHC,0.3390181541442869
O=CC1=CC=C(C(C2=CC=CC=C2)C2=CC=C(C=O)N2)N1,1,22,1.919687271118164,3JHC,0.4803127288818358
O=CC1=CC=C(C(C2=CC=CC=C2)C2=CC=C(C=O)N2)N1,1,34,1.919687271118164,3JHC,0.4803127288818358
CC(C)C1CC(=O)C2=C3C1CC(C)C(O)C3(O)OC2,5,26,3.314666509628296,3JHC,0.914666509628296
CC(C)C1CC(=O)C2=C3C1CC(C)C(O)C3(O)OC2,20,22,6.055241584777832,3JHH,0.7447584152221678
CC1=CC=CC(C2=NC=CC(C3=CNC4=CC=CC=C34)=N2)=C1,0,25,5.663818359375,3JHC,0.2638183593749996
CC1=CC=CC(C2=NC=CC(C3=CNC4=CC=CC=C34)=N2)=C1,0,36,5.663818359375,3JHC,0.2638183593749996
CCOC(=O)CN1N=C(CC2=CC=CC=C2)C2=CC=CC=C2C1=O,22,29,7.189108848571777,3JHC,0.1891088485717773
CCOC(=O)CN1N=C(CC2=CC=CC=C2)C2=CC=CC=C2C1=O,22,30,7.189108848571777,3JHC,0.1891088485717773
CC1=CC=CC2=C1C(=O)N(C1CCC(=O)NC1=O)C=N2,7,26,7.17911958694458,3JHC,0.8208804130554199
CC1=CC=CC2=C1C(=O)N(C1CCC(=O)NC1=O)C=N2,7,32,7.17911958694458,3JHC,0.8208804130554199
CC1=CC=CC2=C1C(=O)N(C1CCC(=O)NC1=O)C=N2,23,24,6.012950897216797,3JHH,0.9870491027832032
C1=CC=C(N2CCCCC2)C=C1,0,14,5.366281032562256,3JHC,0.1137189674377445
[N-]=[N+]=NCC1COC2=C(C=CC([N+](=O)[O-])=C2)S1,7,20,1.7736928462982178,3JHC,0.2263071537017822
CC1=CC=C(N2C3CCCCCCC32)C=C1,1,16,0.9943118095397948,2JHC,0.0056881904602051
CCC1C(=O)N(OCC2=CC=CC=C2)C2C=CC1C2=O,8,26,0.9118711948394777,2JHC,0.2881288051605223
CCC1C(=O)N(OCC2=CC=CC=C2)C2C=CC1C2=O,8,29,4.944160461425781,3JHC,0.1558395385742184
CCC1C(=O)N(OCC2=CC=CC=C2)C2C=CC1C2=O,20,23,6.052947998046875,3JHH,0.052947998046875
CCC1C(=O)N(OCC2=CC=CC=C2)C2C=CC1C2=O,20,24,6.052947998046875,3JHH,0.052947998046875
O=C(CS)NCCCCCCNC(=O)C1=CC=CC=C1,14,36,5.632053375244141,3JHC,0.967946624755859
CC(O)C(O)C1=C(Cl)C=CC=C1,5,15,4.941162586212158,3JHC,0.9411625862121582
CC(O)C(O)C1=C(Cl)C=CC=C1,5,18,4.941162586212158,3JHC,0.5411625862121578
CC(O)C(O)C1=C(Cl)C=CC=C1,5,19,4.941162586212158,3JHC,0.1411625862121583
CC(O)C(O)C1=C(Cl)C=CC=C1,12,15,6.054672718048096,3JHH,0.3453272819519046
COC1=C(OC)C(C=CC(=O)C2=CC=C(SC)C=C2)=CC=C1,2,22,5.218020915985107,3JHC,0.5180209159851072
OCC1=CC2=C(NC3=CC=CC=C32)C(C2=CC3=C(C=C2)OCO3)=N1,30,31,5.55299186706543,3JHH,0.2470081329345701
OCC1=CC2=C(NC3=CC=CC=C32)C(C2=CC3=C(C=C2)OCO3)=N1,31,32,5.55299186706543,3JHH,0.1470081329345705
CCCCCC1=CC=C(C(=O)NCCN=[N+]=[N-])C=C1,0,24,5.697131633758545,3JHC,0.0028683662414552
CCCCCC1=CC=C(C(=O)NCCN=[N+]=[N-])C=C1,0,25,5.697131633758545,3JHC,0.0028683662414552
CCCCCC1=CC=C(C(=O)NCCN=[N+]=[N-])C=C1,5,26,4.947207450866699,3JHC,0.1527925491333004
CCCCCC1=CC=C(C(=O)NCCN=[N+]=[N-])C=C1,20,23,6.04789924621582,3JHH,0.5521007537841793
C#CCNC1=CC=CC2=CC=CC=C12,4,17,3.023324012756348,2JHC,0.6233240127563482
CCCCCCCCCC=CC(=O)OC,16,19,6.048255443572998,3JHH,0.7517445564270018
CC(C)C1=C2C3=C(C(O)=CC=C3)C3OC(C)(C)OC3C2(C)CC1,5,32,4.942272186279297,3JHC,0.1577278137207027
CC(C)C1=C2C3=C(C(O)=CC=C3)C3OC(C)(C)OC3C2(C)CC1,5,34,4.942272186279297,3JHC,0.1577278137207027
CC(C)C1=C2C3=C(C(O)=CC=C3)C3OC(C)(C)OC3C2(C)CC1,26,28,6.054561614990234,3JHH,0.7454383850097654
CCOC(=O)CC1=C(Cl)C=C(C2CC2)C=C1,6,21,0.9274590015411376,2JHC,0.9725409984588624
CC1=CC=C(C(=O)NC2CCCCCC2)C=C1[N+](=O)[O-],26,27,6.010354042053223,3JHH,0.6896459579467775
C=C1C(=O)CC2(CCCCC2)OC1CC,0,29,2.3845744132995605,3JHC,0.2845744132995604
C=C1C(=O)CC2(CCCCC2)OC1CC,1,17,2.3845744132995605,3JHC,0.2845744132995604
COC(=O)CCC(=O)C1=CC(C#N)=CC=C1,19,21,5.629143714904785,3JHH,0.8708562850952148
COC(=O)CCC(=O)C1=CC(C#N)=CC=C1,19,22,5.629143714904785,3JHH,0.8708562850952148
CCC(Cl)C(C)=O,0,12,5.700957775115967,3JHC,0.3009577751159664
CN(C(F)=CC1=CC=CC=C1)S(C)(=O)=O,5,18,1.3410351276397705,2JHC,0.1589648723602295
